part_number,job,op,work_center,machine,setup_hr_est,setup_hr_act,run_hr_est,run_hr_act,run_min_pc_act,labor_rm_est,labor_rm_act,burden_hr,burden_rm,rate_rm_hr,qty,date,order_qty,order_date,close_date,unit_price_rm,ext_price_rm,cost_ea_est_rm,cost_ea_act_rm,profit_ea_rm,material_total_rm,labor_total_rm,burden_total_rm,subcon_total_rm,ga_total_rm,total_run_min_pc,notes
0020-46358,3466R40,10,CNCR EXACT,CNCR EXACT 1616,0.30,0.30,3.27,3.27,4.00,71.40,32.13,3.57,646.17,181,49,03-Jul-25,,,,,,,,,,,,,,,
0020-46358,3466R40,20,CNCR EXACT,CNCR EXACT 1616,0.30,1.00,8.98,9.41,11.52,185.60,88.89,10.41,1884.21,181,49,03-Jul-25,,,,,,,,,,,,,,,
0020-46358,3466R40,25,CNCV FAN M,CNCV FAN M,0.30,1.31,1.63,1.60,1.96,38.60,26.57,2.91,357.93,123,49,03-Jul-25,,,,,,,,,,,,,,,
0020-46358,3466R40,30,CNCV FAN M,CNCV FAN M,0.50,5.00,8.17,10.50,12.86,173.40,149.68,15.50,1906.50,123,49,03-Jul-25,,,,,,,,,,,,,,,
0020-46358,3466R40,40,CNCV FAN M,CNCV FAN M,0.50,1.50,28.58,28.57,35.02,581.60,299.26,30.07,3698.61,123,49,03-Jul-25,,,,,,,,,,,,,,,
0020-46358,3466R40,800,DEBUR,DEBUR,0.10,0.00,4.08,1.77,2.17,50.16,14.04,1.77,127.44,72,49,03-Jul-25,,,,,,,,,,,,,,,
0020-46358,3466R40,810,DEBUR,DEBUR,0.10,0.00,4.08,4.40,5.39,50.16,34.89,4.40,316.80,72,49,03-Jul-25,,,,,,,,,,,,,,,
0020-46358,3466R40,820,PART MARK,PART MARK,0.10,0.00,1.63,1.68,2.06,20.76,16.14,1.68,120.96,72,49,03-Jul-25,,,,,,,,,,,,,,,
0020-64722,4876R54,05,PLANNING,,0.50,0.00,0.00,0.00,,17.50,0.00,,,, 203,,,,,,,,,,,,,,,,
0020-64722,4876R54,10,LYNX 26Y,LYNX 2600Y (Turnmill),0.75,1.00,16.92,16.85,4.98,353.40,268.23,17.85,3213.00,180,203,,,,,,,,,,,,,,,,
0020-64722,4876R54,20,CNCV FAN M,CNCV Fanuc Milling,0.50,1.30,5.08,5.08,1.50,111.60,74.26,6.38,784.74,123,203,,,,,,,,,,,,,,,,
0020-64722,4876R54,800,DEBUR,,0.10,0.00,6.77,3.55,1.05,82.44,28.40,3.55,255.60,72,203,,,,,,,,,,,,,,,,
0020-64722,4876R54,30,DNM 57004X,DOOSAN DNM 5700 4-Axis VMC,1.00,1.00,20.30,20.30,6.00,426.00,255.10,21.30,3344.10,157,203,,,,,,,,,,,,,,,,
0020-64722,4876R54,999,INSPECTASY,,0.10,0.00,20.30,4.78,1.41,306.00,43.02,4.78,473.22,,203,,,,,,,,,,,,,,,,
0021-53926,3711R49,05,PLANNING,,0.40,0.00,0.00,0.00,,14.00,0.00,,,,40,,,,,,,,,,,,,,,,
0021-53926,3711R49,10,CNCV FAN M,CNCV Fanuc L (Milling),0.50,0.50,22.67,22.66,34.00,463.40,219.27,23.16,2848.68,123,40,,,,,,,,,,,,,,,,
0021-53926,3711R49,20,CNCV FAN M,CNCV Fanuc L (Milling),0.50,0.50,40.00,40.00,60.00,810.00,373.97,40.50,4981.50,123,40,,,,,,,,,,,,,,,,
0021-53926,3711R49,30,CNCV FAN M,CNCV Fanuc L (Milling),0.50,0.50,12.00,12.00,18.00,250.00,118.55,12.50,1537.50,123,40,,,,,,,,,,,,,,,,
0021-53926,3711R49,40,CNCV FAN M,CNCV Fanuc L (Milling),1.50,1.50,30.00,30.00,45.00,630.00,300.20,31.50,3874.50,123,40,,,,,,,,,,,,,,,,
0021-53926,3711R49,50,CNCV FAN M,CNCV Fanuc L (Milling),0.50,0.50,26.67,30.62,40.83,543.40,188.79,31.12,3827.76,123,45,,,,,,,,,,,,,,,,
0021-53926,3711R49,800,DEBUR,,0.10,0.00,10.00,3.67,5.81,121.20,0.00,3.67,264.24,72,39,,,,,,,,,,,,,,,,
0021-55284,2990R30,05,PLANNING,,0.50,0.00,0.00,0.00,,17.50,0.00,0.50,0.00,,44,20-Aug-25,,,,,,,,,,,,,,,
0021-55284,2990R30,10,CNCL TAK,NEX-110Y (TAK),1.50,1.50,4.40,4.40,6.00,118.00,53.10,5.90,666.70,113,44,20-Aug-25,,,,,,,,,,,,,,,
0021-55284,2990R30,20,CNCL TAK,NEX-110Y (TAK),0.50,0.50,3.67,3.67,5.00,83.40,0.00,4.17,471.21,113,44,20-Aug-25,,,,,,,,,,,,,,,
0021-55284,2990R30,40,CNCV FAN M,,0.30,1.50,3.67,3.67,5.00,79.40,49.69,3.97,488.31,123,44,20-Aug-25,,,,,,,,,,,,,,,
0021-55284,2990R30,800,DEBUR,,0.00,0.00,3.67,3.28,4.47,44.04,26.24,3.28,236.16,72,44,20-Aug-25,,,,,,,,,,,,,,,
0021-55284,2990R30,50,CNCV FAN M,,0.30,1.00,2.57,2.57,3.50,57.40,37.43,2.87,353.01,123,44,20-Aug-25,,,,,,,,,,,,,,,
0021-55284,2990R30,810,DEBUR,,0.00,0.00,3.67,3.67,5.00,44.04,29.10,3.67,264.24,72,44,20-Aug-25,,,,,,,,,,,,,,,
0021-55284,2990R30,999,INSPECTASY,,0.20,0.00,2.93,3.17,4.32,46.95,36.46,3.13,309.87,99,44,20-Aug-25,,,,,,,,,,,,,,,
0022-09112,3335R16,05,PLANNING,,0.50,0.00,0.00,0.00,,17.50,0.00,,,,18,,,,,,,,,,,,,,,,
0022-09112,3335R16,10,CNCTM TAK,Takisawa Turnmill,2.00,2.00,1.20,1.20,4.00,64.00,28.80,3.20,576.00,180,18,,,,,,,,,,,,,,,,
0022-09112,3335R16,20,CNCTM TAK,Takisawa Turnmill,2.00,2.00,5.40,5.40,18.00,148.00,134.47,7.40,1332.00,180,18,,,,,,,,,,,,,,,,
0022-09112,3335R16,800,DEBUR,,0.10,0.00,0.90,1.23,4.10,12.00,9.75,1.23,88.56,72,18,,,,,,,,,,,,,,,,
0022-09112,3335R16,810,PART MARK,,0.10,0.00,0.60,0.60,2.00,8.40,5.77,0.60,43.20,72,18,,,,,,,,,,,,,,,,
0022-09112,3335R16,995,INSPECTIPQ,,0.10,0.00,0.10,0.37,1.23,3.00,4.07,0.37,36.63,,18,,,,,,,,,,,,,,,,
0022-09112,3335R16,999,INSPECTASY,,0.00,0.00,0.90,0.18,0.60,13.50,0.00,0.18,17.82,,18,,,,,,,,,,,,,,,,
0022-09112,3335R16,AMAT PKG,PKG CLN10K,,0.10,0.00,0.60,1.32,4.40,14.00,11.42,1.32,183.48,,18,,,,,,,,,,,,,,,,
0022-26284,2965R23,05,PLANNING,,0.50,0.00,0.00,0.00,,17.50,0.00,0.50,0.00,,10,22-Aug-25,,,,,,,,,,,,,,,
0022-26284,2965R23,10,CNCV FAN V,,0.50,1.50,2.00,2.00,12.00,50.00,33.30,2.50,307.50,123,10,22-Aug-25,,,,,,,,,,,,,,,
0022-26284,2965R23,800,DEBUR,,0.10,0.00,0.50,1.27,7.62,7.20,10.38,0.60,43.20,72,10,22-Aug-25,,,,,,,,,,,,,,,
0022-26284,2965R23,995,INSPECTIPQ,,0.10,0.00,0.10,0.00,,3.00,0.00,0.20,0.00,,10,22-Aug-25,,,,,,,,,,,,,,,
0022-26284,2965R23,810,PART MARK,,0.00,0.00,0.83,1.15,6.90,9.96,11.06,0.83,59.76,72,10,22-Aug-25,,,,,,,,,,,,,,,
0022-26284,2965R23,999,INSPECTASY,,0.20,0.00,0.33,0.32,1.92,7.95,1.69,0.53,52.47,99,10,22-Aug-25,,,,,,,,,,,,,,,
0022-26284,2965R23,AMAT PKG,PKG CLN10K,,0.10,0.00,0.50,0.48,2.88,12.00,3.84,0.60,83.40,139,10,22-Aug-25,,,,,,,,,,,,,,,
0022-27201,5645R26,05,PLANNING,,1.00,0.00,0.00,0.00,,35.00,0.00,1.00,0.00,,102,23-Sep-24,,,,,,,,,,,,,,,
0022-27201,5645R26,10,CNCL TAK,,0.50,3.75,13.60,13.60,8.00,282.00,156.65,14.10,1593.30,113,102,23-Sep-24,,,,,,,,,,,,,,,
0022-27201,5645R26,20,CNCV MAK,Makino,0.10,0.50,1.70,2.60,1.00,36.00,39.83,1.80,221.40,123,156,23-Sep-24,,,,,,,,,,,,,,,
0022-27201,5645R26,800,DEBUR,,0.00,0.00,5.10,4.00,2.35,61.20,32.00,5.10,367.20,72,102,23-Sep-24,,,,,,,,,,,,,,,
0022-27201,5645R26,30,CNCV MAK,Makino,0.10,0.50,1.70,2.60,1.00,36.00,39.83,1.80,221.40,123,156,23-Sep-24,,,,,,,,,,,,,,,
0022-27201,5645R26,40,CNCV MAK,Makino,0.30,0.60,1.70,2.60,1.00,40.00,41.13,2.00,246.00,123,156,23-Sep-24,,,,,,,,,,,,,,,
0022-27201,5645R26,810,DEBUR,,0.10,0.00,8.50,5.00,2.94,103.20,40.00,8.60,619.20,72,102,23-Sep-24,,,,,,,,,,,,,,,
0022-27201,5645R26,999,INSPECT,,0.20,0.00,5.10,0.53,0.31,79.50,5.09,5.30,524.70,99,102,23-Sep-24,,,,,,,,,,,,,,,
0022-27201,5645R26,AMAT PKG,ASSY3,,0.10,0.00,2.55,2.10,1.24,53.00,16.80,2.65,368.35,139,102,23-Sep-24,,,,,,,,,,,,,,,
0022-42142,5453R09,05,PLANNING,,0.50,0.00,0.00,0.00,,17.50,0.00,0.50,0.00,,56,05-Jun-25,,,,,,,,,,,,,,,
0022-42142,5453R09,10,CNCL TAK,NEX-110Y,0.10,0.10,1.40,1.40,1.50,30.00,14.40,1.50,169.50,113,56,05-Jun-25,,,,,,,,,,,,,,,
0022-42142,5453R09,20,CNCL TAK,NEX-110Y,0.10,0.10,1.40,1.40,1.50,30.00,14.40,1.50,169.50,113,56,05-Jun-25,,,,,,,,,,,,,,,
0022-42142,5453R09,800,DEBUR,,0.10,0.00,2.80,2.00,2.14,34.80,16.00,2.90,208.80,72,56,05-Jun-25,,,,,,,,,,,,,,,
0022-42142,5453R09,999,INSPECT,,0.00,0.00,0.93,0.77,0.83,13.95,9.81,0.93,92.07,99,56,05-Jun-25,,,,,,,,,,,,,,,
0022-42142,5453R09,AMAT PKG,ASSY3,,0.10,0.00,0.93,0.82,0.88,20.60,6.56,1.03,143.17,139,56,05-Jun-25,,,,,,,,,,,,,,,
0022-42143,5454R13,05,PLANNING,,0.50,0.00,0.00,0.00,,17.50,0.00,0.50,0.00,,36,27-Jan-26,,,,,,,,,,,,,,,
0022-42143,5454R13,09,CNCR EXACT,Anderson 3X 16I VMC,0.10,0.50,0.60,0.60,1.00,14.00,8.73,0.70,126.70,181,36,27-Jan-26,,,,,,,,,,,,,,,
0022-42143,5454R13,10,CNCV FAN V,,0.30,1.00,3.66,3.66,6.10,79.20,40.31,3.96,487.08,123,36,27-Jan-26,,,,,,,,,,,,,,,
0022-42143,5454R13,810,DEBUR,,0.10,0.00,1.80,1.48,2.47,22.80,0.00,1.90,136.80,72,36,27-Jan-26,,,,,,,,,,,,,,,
0022-42143,5454R13,20,CNCV FAN M,FANUC Robodrill,0.10,0.50,3.42,3.42,5.70,70.40,47.04,3.52,432.96,123,36,27-Jan-26,,,,,,,,,,,,,,,
0022-42143,5454R13,820,DEBUR,,0.10,0.00,0.60,1.15,1.92,8.40,0.00,0.70,50.40,72,36,27-Jan-26,,,,,,,,,,,,,,,
0022-42143,5454R13,997,INSPECTLAB,,0.10,0.00,1.20,1.08,1.80,19.50,9.72,1.30,128.70,99,36,27-Jan-26,,,,,,,,,,,,,,,
0022-42143,5454R13,AMAT PKG,PKG CLN10K,,0.10,0.00,0.60,2.37,3.95,14.00,0.00,0.70,97.30,139,36,27-Jan-26,,,,,,,,,,,,,,,
0022-49255,8441R06,09,CNCR STRAT,,0.10,0.30,0.24,0.24,0.20,6.80,4.32,0.54,97.74,181,72,29-Nov-24,,,,,,,,,,,,,,,
0022-49255,8441R06,10,CNCV FAN V,,0.50,1.50,4.20,4.56,3.80,94.00,72.72,6.06,745.38,123,72,29-Nov-24,,,,,,,,,,,,,,,
0022-49255,8441R06,810,DEBUR,,0.10,0.00,2.40,2.40,2.00,30.00,19.20,2.40,172.80,72,72,29-Nov-24,,,,,,,,,,,,,,,
0022-49255,8441R06,20,CNCV FAN M,,0.50,0.50,6.00,6.00,5.00,130.00,58.18,6.50,799.50,123,72,29-Nov-24,,,,,,,,,,,,,,,
0022-49255,8441R06,30,CNCV FAN M,,0.30,0.50,3.60,3.60,3.00,78.00,36.69,4.10,504.30,123,72,29-Nov-24,,,,,,,,,,,,,,,
0022-49255,8441R06,999,INSPECT,,0.20,0.00,2.40,0.80,0.67,39.00,8.46,0.80,79.20,99,72,29-Nov-24,,,,,,,,,,,,,,,
0022-49255,8441R06,PKG,ASSY3,,0.10,0.00,2.40,0.90,0.75,50.00,7.49,0.90,125.10,139,72,29-Nov-24,,,,,,,,,,,,,,,
0022-63955,8803R10,10,LYNX21LYSB,Doosan Lynx 21 LYSB,3.00,3.50,11.00,11.00,22.00,280.00,144.42,14.50,2175.00,150,30,08-Feb-26,,,,,,,,,,,,,,,
0022-63955,8803R10,800,DEBUR,,0.10,0.00,2.50,2.37,4.74,31.20,18.96,2.37,170.64,72,30,08-Feb-26,,,,,,,,,,,,,,,
0022-63955,8803R10,997,INSPECTLAB,,0.20,0.00,2.00,0.80,1.60,33.00,0.00,0.80,79.20,99,30,08-Feb-26,,,,,,,,,,,,,,,
0022-63955,8803R10,PKG,PKG CLN10K,,0.10,0.00,1.00,2.52,5.04,22.00,0.00,2.52,350.28,139,30,08-Feb-26,,,,,,,,,,,,,,,
0022-75931,7675R09,10,CNCL TAK,,1.00,1.00,15.58,15.58,3.50,331.60,101.59,16.58,1873.54,113,267,25-Jun-25,,,,,,,,,,,,,,,
0022-75931,7675R09,800,DEBUR,,0.10,0.00,8.90,2.72,0.61,108.00,21.76,2.72,195.84,72,267,25-Jun-25,,,,,,,,,,,,,,,
0022-75931,7675R09,999,INSPECT,,0.10,0.00,8.90,0.17,0.04,135.00,1.63,0.17,16.83,99,267,25-Jun-25,,,,,,,,,,,,,,,
0022-75931,7675R09,PKG,ASSY3,,0.10,0.00,8.90,6.70,1.51,180.00,53.60,6.70,931.30,139,267,25-Jun-25,,,,,,,,,,,,,,,
0023-12637,14530R10,10,CNCL NAK,NAKAMURA-TOME SC-300,1.00,1.50,3.73,3.73,13.99,94.60,62.76,5.23,590.99,113,16,27-Jan-26,,,,,,,,,,,,,,,
0023-12637,14530R10,20,CNCTM TAK,TAKISAWA NEX-108Y,1.00,1.00,1.60,1.60,6.00,52.00,30.07,2.60,390.00,150,16,27-Jan-26,,,,,,,,,,,,,,,
0023-12637,14530R10,800,DEBUR,DEBUR,0.10,0.00,0.53,0.53,1.99,7.56,4.24,0.53,38.16,72,16,27-Jan-26,,,,,,,,,,,,,,,
0023-12637,14530R10,999,INSPECTASY,INSPECTASY,0.10,0.00,0.25,1.42,5.33,5.25,0.00,1.42,140.58,99,16,27-Jan-26,,,,,,,,,,,,,,,
0041-14421,3500R31,10,CNCR EXACT,CNCR EXACT (Router),0.30,0.30,1.50,1.50,5.00,36.00,25.20,1.80,325.80,181,18,03-Jul-25,,,,,,,,,,,,,,,
0041-14421,3500R31,20,CNCR EXACT,CNCR EXACT (Router),0.30,0.30,1.50,1.50,5.00,36.00,25.20,1.80,325.80,181,18,03-Jul-25,,,,,,,,,,,,,,,
0041-14421,3500R31,800,DEBUR,DEBUR,0.10,0.00,3.00,2.48,8.27,37.20,19.84,2.48,178.56,72,18,03-Jul-25,,,,,,,,,,,,,,,
0041-14421,3500R31,810,WELD,WELD,0.30,0.00,6.00,6.53,21.77,189.00,67.24,6.53,927.26,142,18,03-Jul-25,,,,,,,,,,,,,,,
0041-14421,3500R31,999,INSPECT,INSPECT,0.00,0.00,0.60,0.60,2.00,9.00,7.20,0.60,59.40,99,18,03-Jul-25,,,,,,,,,,,,,,,
0041-14421,3500R31,AMAT PKG,ASSY3,ASSY3,0.10,0.00,0.90,3.37,11.23,20.00,29.15,3.37,468.43,139,18,03-Jul-25,,,,,,,,,,,,,,,
0041-62474,2958R01,PLAN,PLANNING,,0.50,0.00,0.00,0.00,,17.50,0.00,0.50,57.50,115.00,20,28-Jun-17,,,,,,,,,,,,,,,
0041-62474,2958R01,10,CNCR BARNY,,0.30,0.00,1.33,0.00,4.0,32.60,0.00,1.63,373.27,229.00,20,28-Jun-17,,,,,,,,,,,,,,,
0041-62474,2958R01,20,CNCR BARNY,,0.30,0.00,10.00,0.00,30.0,206.00,0.00,10.30,2358.70,229.00,20,28-Jun-17,,,,,,,,,,,,,,,
0041-62474,2958R01,30,CNCV MAK,,1.00,0.00,1.67,0.00,5.0,53.40,0.00,2.67,293.70,110.00,20,28-Jun-17,,,,,,,,,,,,,,,
0041-62474,2958R01,40,CNCL TAK,,0.50,0.00,1.67,0.00,5.0,43.40,0.00,2.17,316.82,146.00,20,28-Jun-17,,,,,,,,,,,,,,,
0041-62474,2958R01,50,CNCL TAK,,0.50,0.00,2.00,0.00,6.0,50.00,0.00,2.50,365.00,146.00,20,28-Jun-17,,,,,,,,,,,,,,,
0041-62474,2958R01,60,FAB,,0.20,0.00,8.33,0.00,25.0,102.36,0.00,8.53,784.76,92.00,20,28-Jun-17,,,,,,,,,,,,,,,
0041-62474,2958R01,INSP,INSPECT,,0.30,0.00,3.33,0.00,,54.45,0.00,3.63,446.49,123.00,20,28-Jun-17,,,,,,,,,,,,,,,
0041-62474,2958R01,PKG,PKG,,0.30,0.00,1.67,0.00,,23.64,0.00,1.97,124.11,63.00,20,28-Jun-17,,,,,,,,,,,,,,,
0041-62474,2958R01,SHIP,SHIPPING,,0.10,0.00,0.67,0.00,,9.24,0.00,0.77,48.51,63.00,20,28-Jun-17,,,,,,,,,,,,,,,
0041-62474,2958R01,ASSY1,ASSY2,,0.20,0.00,36.67,0.00,110.0,442.44,0.00,36.87,5419.89,147.00,20,28-Jun-17,,,,,,,,,,,,,,,
0041-62474,2958R01,ASSY2,ASSY2,,0.10,0.00,3.33,0.00,10.0,41.16,0.00,3.43,504.21,147.00,20,28-Jun-17,,,,,,,,,,,,,,,
0042-15176,4189R01,800,SAW,,0.10,0.00,0.67,3.80,38.0,9.24,38.38,3.80,273.60,72.00,6,25-Mar-19,,,,,,,,,,,,,,,
0042-15176,4189R01,10,CNCV FAN V,Fanuc Vaccum,0.50,0.00,5.33,7.48,74.8,116.60,75.55,7.48,920.04,123.00,6,25-Mar-19,,,,,,,,,,,,,,,
0042-15176,4189R01,20,CNCV FAN V,Fanuc Vaccum,0.50,0.00,6.00,10.60,106.0,130.00,107.06,10.60,1303.80,123.00,6,25-Mar-19,,,,,,,,,,,,,,,
0042-15176,4189R01,30,CNCV FAN V,Fanuc Vaccum,0.50,0.00,10.67,0.00,,223.40,0.00,11.17,1373.91,123.00,6,25-Mar-19,,,,,,,,,,,,,,,
0042-15176,4189R01,810,DEBUR,,0.10,0.00,2.00,2.03,20.3,25.20,10.35,2.10,151.20,72.00,6,25-Mar-19,,,,,,,,,,,,,,,
0042-15176,4189R01,40,CNCL NAK,,0.50,0.00,0.40,1.07,10.7,18.00,9.31,1.07,120.91,113.00,6,25-Mar-19,,,,,,,,,,,,,,,
0042-15176,4189R01,820,ASSY1,,0.10,0.00,0.40,0.77,7.7,6.00,8.86,0.77,55.44,72.00,6,25-Mar-19,,,,,,,,,,,,,,,
0042-15176,4189R01,830,PART MARK,,0.10,0.00,0.27,0.53,5.3,4.44,4.24,0.53,38.16,72.00,6,25-Mar-19,,,,,,,,,,,,,,,
0042-15176,4189R01,999,INSPECT,,0.00,0.00,1.60,0.50,5.0,24.00,4.00,1.60,158.40,99.00,6,25-Mar-19,,,,,,,,,,,,,,,
0042-15176,4189R01,PKG,PKG AMAT,,0.10,0.00,0.27,0.00,,4.44,0.00,0.37,23.31,63.00,6,25-Mar-19,,,,,,,,,,,,,,,
0200-02605,4957R26,05,PLANNING,,0.50,0.00,0.00,0.00,,17.50,0.00,0.50,57.50,115.00,42,15-Dec-25,,,,,,,,,,,,,,,
0200-02605,4957R26,10,CNCTM TAK,NEX-108Y,3.50,4.50,9.10,9.10,13.0,252.00,168.59,13.60,2448.00,180.00,42,15-Dec-25,,,,,,,,,,,,,,,
0200-02605,4957R26,20,CNCTM TAK,NEX-108Y,2.00,2.00,2.80,2.80,4.0,96.00,111.07,4.80,864.00,180.00,42,15-Dec-25,,,,,,,,,,,,,,,
0200-02605,4957R26,800,DEBUR,,0.10,0.00,2.10,1.55,2.2,26.40,15.50,2.20,158.40,72.00,42,15-Dec-25,,,,,,,,,,,,,,,
0200-02605,4957R26,995,INSPECTIPQ,,0.10,0.00,0.10,1.73,2.5,3.00,15.57,1.73,171.27,99.00,42,15-Dec-25,,,,,,,,,,,,,,,
0200-02605,4957R26,PQR,INSPECT,,0.00,0.00,3.50,1.05,1.5,52.50,9.45,3.50,346.50,99.00,42,15-Dec-25,,,,,,,,,,,,,,,
0200-02605,4957R26,MARK,PART MARK,,0.10,0.00,1.40,3.87,5.5,18.00,37.23,3.87,278.64,72.00,42,15-Dec-25,,,,,,,,,,,,,,,
0200-02605,4957R26,999,INSPECTASY,,0.10,0.00,2.10,0.25,0.4,33.00,0.00,2.20,217.80,99.00,42,15-Dec-25,,,,,,,,,,,,,,,
0200-02605,4957R26,PKG,PKG CLN10K,,0.10,0.00,0.70,1.67,2.4,16.00,0.00,1.67,232.13,139.00,42,15-Dec-25,,,,,,,,,,,,,,,
1157-776-01,3263R16,800,SAW,,0.10,0.00,3.33,3.33,8.00,41.16,33.27,3.33,239.76,72,25,30-Jun-25,,,,,,,,,,,,,,,
1157-776-01,3263R16,10,CNCL NAK,,1.00,1.00,2.50,2.50,6.00,70.00,34.38,3.50,395.50,113,25,30-Jun-25,,,,,,,,,,,,,,,
1157-776-01,3263R16,20,CNCL NAK,,0.50,1.00,6.25,6.25,15.00,135.00,54.00,7.25,819.25,113,25,30-Jun-25,,,,,,,,,,,,,,,
1157-776-01,3263R16,30,CNCL NAK,,1.00,1.00,4.58,4.60,11.00,111.60,0.00,5.60,632.80,113,25,30-Jun-25,,,,,,,,,,,,,,,
1157-776-01,3263R16,40,CNCV MAK,,0.50,0.50,12.50,12.50,30.00,260.00,157.27,13.00,1599.00,123,25,30-Jun-25,,,,,,,,,,,,,,,
1157-776-01,3263R16,810,DEBUR,,0.10,0.00,4.58,2.97,7.10,56.16,23.76,2.97,213.84,72,25,30-Jun-25,,,,,,,,,,,,,,,
1157-776-01,3263R16,50,CNCV MAK,,0.30,3.30,0.83,0.83,2.00,22.60,44.00,4.13,507.99,123,25,30-Jun-25,,,,,,,,,,,,,,,
1157-776-01,3263R16,60,CNCV MAK,,0.50,0.50,1.67,1.67,4.00,43.40,32.55,2.17,266.91,123,25,30-Jun-25,,,,,,,,,,,,,,,
1157-776-01,3263R16,820,DEBUR,,0.00,0.00,2.08,1.90,4.60,24.96,15.20,1.90,136.80,72,25,30-Jun-25,,,,,,,,,,,,,,,
1157-776-01,3263R16,997,INSPECT,,0.10,0.00,0.00,1.32,3.20,1.50,14.52,1.32,130.68,99,25,30-Jun-25,,,,,,,,,,,,,,,
1157-776-01,3263R16,830,ASSY2,,0.10,0.00,0.83,2.00,4.80,13.95,14.60,2.00,234.00,117,25,30-Jun-25,,,,,,,,,,,,,,,
1157-776-01,3263R16,999,INSPECT,,0.30,0.00,0.42,0.80,1.90,10.80,6.92,0.80,79.20,99,25,30-Jun-25,,,,,,,,,,,,,,,
1157-776-01,3263R16,PKG,ASSY3,,0.10,0.00,0.42,2.39,5.70,10.40,21.82,2.39,332.21,139,34,30-Jun-25,,,,,,,,,,,,,,,
1241-714-01,9570R05,010,LYNX 26Y,DOOSAN LYNX 26Y,1.50,2.80,6.00,6.00,18.00,150.00,96.48,8.80,1584.00,180,20,13-Oct-25,,,,,,,,,,,,,,,
1241-714-01,9570R05,020,CNCV MAK,CNCV MAK PS95,0.20,0.86,2.67,2.67,8.01,57.40,32.23,3.53,434.19,123,20,13-Oct-25,,,,,,,,,,,,,,,
1241-714-01,9570R05,800,DEBUR,DEBUR,0.10,0.00,1.00,5.80,17.40,13.20,46.40,5.80,417.60,72,20,13-Oct-25,,,,,,,,,,,,,,,
1241-714-01,9570R05,810,DEBUR,DEBUR,0.10,0.00,0.67,1.30,3.90,9.24,10.31,1.30,93.60,72,20,13-Oct-25,,,,,,,,,,,,,,,
1241-714-01,9570R05,999,INSPECTASY,INSPECTASY,0.10,0.00,1.00,0.12,0.36,16.50,1.32,0.87,86.13,99,20,13-Oct-25,,,,,,,,,,,,,,,
1241-714-01,9570R05,ASM PKG,PKG CLN10K,PKG CLN10K,0.10,0.00,0.67,0.85,2.55,15.40,7.35,0.85,118.15,139,20,13-Oct-25,,,,,,,,,,,,,,,
15-137820-00,11090R13,10,CNCR EXACT,EXXACT PLUS,0.33,0.33,17.73,17.73,13.30,361.20,137.50,18.06,3268.86,181,80,24-Dec-25,,,,,,,,,,,,,,,
15-137820-00,11090R13,20,CNCR EXACT,EXXACT 1616,0.33,0.50,13.33,13.33,10.00,273.20,158.79,13.83,2503.23,181,80,24-Dec-25,,,,,,,,,,,,,,,
15-137820-00,11090R13,800,DEBUR,DEBUR,0.10,0.00,4.00,4.19,3.14,49.20,34.23,4.19,301.68,72,80,24-Dec-25,,,,,,,,,,,,,,,
15-137820-00,11090R13,991,INSPECTIQC,INSPECTIQC,0.10,0.00,0.30,1.47,1.10,6.00,14.14,1.47,145.53,99,80,24-Dec-25,,,,,,,,,,,,,,,
15-137820-00,11090R13,995,INSPECTIPQ,INSPECTIPQ,0.10,0.00,0.25,0.27,0.20,5.25,3.44,0.27,26.73,99,80,24-Dec-25,,,,,,,,,,,,,,,
15-137820-00,11090R13,LAM PACK,PKG CLN10K,PKG CLN10K,0.10,0.00,4.00,9.99,7.49,82.00,31.14,9.99,1388.61,139,80,24-Dec-25,,,,,,,,,,,,,,,
15-395585-00,11111R09,10,CNCL TAK,TAKISAWA 108,1.00,1.50,2.65,2.65,3.00,73.00,48.90,4.15,468.95,113,53,08-Feb-26,,,,,,,,,,,,,,,
15-395585-00,11111R09,800,DEBUR,DEBUR,0.10,0.00,0.44,2.02,2.28,6.48,16.16,2.02,145.44,72,53,08-Feb-26,,,,,,,,,,,,,,,
15-395585-00,11111R09,997,INSPECTLAB,INSPECTLAB,0.20,0.00,0.20,1.33,1.51,6.00,9.59,1.33,131.67,99,53,08-Feb-26,,,,,,,,,,,,,,,
15-395585-00,11111R09,LAM PACK,PKG CLN10K,PKG CLN10K,0.10,0.00,0.88,0.87,0.98,19.60,8.37,0.87,120.93,139,53,08-Feb-26,,,,,,,,,,,,,,,
16-408773-00,10904R14-3,09,CNCV FAN V,CNCV FAN V,0.50,0.50,1.35,1.84,4.09,37.00,23.35,2.34,287.82,123,27,12-Jan-26,,,,,,,,,,,,,,,
16-408773-00,10904R14-3,10,CNCV FAN V,CNCV FAN V,0.50,0.50,39.15,39.15,87.00,793.00,391.48,39.65,4876.95,123,27,12-Jan-26,,,,,,,,,,,,,,,
16-408773-00,10904R14-3,810,DEBUR,DEBUR,0.10,0.00,4.50,2.57,5.71,55.20,0.00,2.57,185.04,72,27,12-Jan-26,,,,,,,,,,,,,,,
16-408773-00,10904R14-2,10,CNCR EXACT,CNCR EXACT,0.50,1.00,4.05,4.05,9.00,91.00,55.46,5.05,914.05,181,27,12-Jan-26,,,,,,,,,,,,,,,
16-408773-00,10904R14-2,20,EXXACT1616,EXXACT1616,0.50,0.50,15.75,15.75,35.00,325.00,186.75,16.25,2941.25,181,27,12-Jan-26,,,,,,,,,,,,,,,
16-408773-00,10904R14-2,800,DEBUR,DEBUR,0.10,0.00,0.90,2.32,5.16,12.00,18.56,2.32,167.04,72,27,12-Jan-26,,,,,,,,,,,,,,,
16-408773-00,10904R14-1,10,CNCR EXACT,CNCR EXACT,0.50,0.50,1.80,1.80,4.00,46.00,18.40,2.30,416.30,181,27,12-Jan-26,,,,,,,,,,,,,,,
16-408773-00,10904R14-1,800,DEBUR,DEBUR,0.10,0.00,0.90,1.15,2.56,12.00,9.20,1.15,82.80,72,27,12-Jan-26,,,,,,,,,,,,,,,
16-408773-00,10904R14,800,WELD,WELD,0.50,0.00,81.00,61.90,137.56,2445.00,655.36,61.90,8789.80,142,27,12-Jan-26,,,,,,,,,,,,,,,
16-408773-00,10904R14,10,DNM 57004X,DNM 5700 4X,0.50,1.00,12.60,12.60,28.00,262.00,141.67,13.60,2135.20,157,27,12-Jan-26,,,,,,,,,,,,,,,
16-408773-00,10904R14,20,DNM 57004X,DNM 5700 4X,1.00,3.00,20.25,20.25,45.00,425.00,236.25,24.25,3807.25,157,27,12-Jan-26,,,,,,,,,,,,,,,
16-455529-00,8729R04-1,10,CNCL TAK,CNCL TAK,1.00,1.70,1.63,3.26,27.94,52.60,44.64,4.96,560.48,113,10,25-Sep-23,,,,,,,,,,,,,,,
16-455529-00,8729R04-1,20,DVF 5000,DVF 5000,1.00,3.00,0.82,1.23,7.38,54.60,54.99,4.23,1159.02,274,10,25-Sep-23,,,,,,,,,,,,,,,
16-455529-00,8729R04-1,800,DEBUR,DEBUR,0.10,0.00,0.12,0.14,1.20,2.64,1.28,0.14,10.08,72,10,25-Sep-23,,,,,,,,,,,,,,,
16-455529-00,8729R04-2,10,DNM 6700,DNM 6700,0.50,0.50,0.47,0.47,4.03,19.40,14.55,0.97,173.63,179,7,25-Sep-23,,,,,,,,,,,,,,,
16-455529-00,8729R04-2,20,DVF 5000,DVF 5000,0.50,2.00,1.09,1.09,9.34,47.70,40.17,3.09,846.66,274,7,25-Sep-23,,,,,,,,,,,,,,,
16-455529-00,8729R04-2,30,CNCV FAN M,CNCV FAN M,0.50,0.50,0.58,0.58,4.97,21.60,12.96,1.08,132.84,123,7,25-Sep-23,,,,,,,,,,,,,,,
16-455529-00,8729R04-2,800,DEBUR,DEBUR,0.10,0.00,0.12,0.93,7.97,2.64,7.44,0.93,66.96,72,7,25-Sep-23,,,,,,,,,,,,,,,
713-142958-001,2270R71,10,CNCL NAK,,1.00,1.60,8.40,8.40,3.00,188.00,90.00,10.00,1130.00,113,168,16-Feb-26,,,,,,,,,,,,,,,
713-142958-001,2270R71,800,DEBUR,,0.10,0.00,5.60,3.00,1.07,68.40,24.00,3.00,216.00,72,168,16-Feb-26,,,,,,,,,,,,,,,
713-142958-001,2270R71,997,INSPECTLAB,,0.10,0.00,2.80,0.20,0.07,43.50,2.30,0.20,19.80,99,168,16-Feb-26,,,,,,,,,,,,,,,
713-142958-001,2270R71,LAM-PACK,PKG CLN10K,,0.10,0.00,8.40,5.15,1.83,170.00,44.55,5.15,715.85,139,168,16-Feb-26,,,,,,,,,,,,,,,
713-142960-001,2271R68,10,CNCL NAK,,1.00,1.20,8.59,8.51,2.28,191.80,27.99,9.71,1097.23,113,224,16-Feb-26,,,,,,,,,,,,,,,
713-142960-001,2271R68,800,DEBUR,,0.10,0.00,22.40,3.00,0.80,270.00,24.00,3.00,216.00,72,224,16-Feb-26,,,,,,,,,,,,,,,
713-142960-001,2271R68,997,INSPECTLAB,,0.10,0.00,0.30,0.48,0.13,6.00,4.62,0.48,47.52,99,224,16-Feb-26,,,,,,,,,,,,,,,
713-142960-001,2271R68,1000,PKG CLN10K,,0.10,0.00,3.73,1.35,0.36,76.60,1.04,1.35,187.65,139,224,16-Feb-26,,,,,,,,,,,,,,,
713-187739-236,10102R18,800,SAW,SAW MCH,0.10,0,,,3.30,,,,,72,60,04-Feb-26,,,,,,,,,,,,,,,
713-187739-236,10102R18,10,CNCV MAK,CNCV MAK,0.08,0.80,,,3.30,,,,,123,60,04-Feb-26,,,,,,,,,,,,,,,
713-187739-236,10102R18,20,DNM 5700 4X,DNM 5700 4X,1.50,1.50,,,36.0,,,37.5,5887.50,157,60,04-Feb-26,,,,,,,,,,,,,,,
713-187739-236,10102R18,30,DNM 5700 4X,DNM 5700 4X,1.50,2.50,,,36.0,,,37.5,5887.50,157,60,04-Feb-26,,,,,,,,,,,,,,,
713-187739-236,10102R18,810,DEBUR,DEBUR,0.10,0,,,2.29,,,,,72,60,04-Feb-26,,,,,,,,,,,,,,,
713-187739-236,10102R18,820,ASSY,ASSY1,0.10,0,,,3.95,,,,,,60,04-Feb-26,,,,,,,,,,,,,,,
713-201706-001,2277R81,10,CNCTM TAK,,1.00,1.50,13.75,13.83,5.53,295.00,241.44,15.33,2299.50,150,150,09-Mar-26,,,,,,,,,,,,,,,
713-201706-001,2277R81,20,CNCTM TAK,,1.00,3.00,7.50,7.50,3.00,170.00,192.84,10.50,1575.00,150,150,09-Mar-26,,,,,,,,,,,,,,,
713-201706-001,2277R81,800,DEBUR,,0.10,0.00,12.50,5.00,2.00,151.20,50.00,5.00,360.00,72,150,09-Mar-26,,,,,,,,,,,,,,,
713-201706-001,2277R81,997,INSPECTLAB,,0.10,0.00,0.30,0.98,0.40,6.00,0.00,0.98,97.02,99,148,09-Mar-26,,,,,,,,,,,,,,,
713-201706-001,2277R81,1000,PKG CLN10K,,0.10,0.00,2.50,5.47,2.22,52.00,0.00,5.47,760.33,139,148,09-Mar-26,,,,,,,,,,,,,,,
713-226789-201,8383R10,05,PLANNING,,0.50,0.00,0.00,0.00,0.00,17.50,0.00,0.50,0.00,,56,04-Feb-25,,,,,,,,,,,,,,,
713-226789-201,8383R10,09,CNCV FAN M,,0.50,1.56,2.80,2.80,3.00,66.00,39.80,4.36,536.28,123.0,56,04-Feb-25,,,,,,,,,,,,,,,
713-226789-201,8383R10,10,DVF 5000,HAAS UMC-750 5-axis,1.00,3.42,38.73,38.75,41.52,1191.90,548.21,42.17,11554.58,274.0,56,04-Feb-25,,,,,,,,,,,,,,,
713-226789-201,8383R10,800,DEBUR,,0.10,0.00,4.67,4.67,5.00,57.24,37.36,4.67,336.24,72.0,56,04-Feb-25,,,,,,,,,,,,,,,
713-226789-201,8383R10,20,CNCV FAN M,,0.50,1.50,9.80,9.80,10.50,206.00,144.80,11.30,1389.90,123.0,56,04-Feb-25,,,,,,,,,,,,,,,
713-226789-201,8383R10,810,DEBUR,,0.10,0.00,2.80,2.53,2.71,34.80,20.24,2.53,182.16,72.0,56,04-Feb-25,,,,,,,,,,,,,,,
713-226789-201,8383R10,995,INSPECTIPQ,,0.10,0.00,0.00,1.62,1.74,1.50,14.58,1.62,160.38,99.0,56,04-Feb-25,,,,,,,,,,,,,,,
713-226789-201,8383R10,820,ASSY1,,0.10,0.00,8.40,5.00,5.36,102.00,45.00,5.00,360.00,72.0,56,04-Feb-25,,,,,,,,,,,,,,,
713-226789-201,8383R10,998,INSPECT,,0.20,0.00,4.67,2.37,2.54,73.05,21.64,2.37,234.63,99.0,56,04-Feb-25,,,,,,,,,,,,,,,
713-226789-201,8383R10,999,INSPECTASY,,0.20,0.00,2.80,0.53,0.57,45.00,6.10,0.53,52.47,99.0,56,04-Feb-25,,,,,,,,,,,,,,,
713-226789-201,8383R10,LAM-PACK,PKG CLN10K,,0.10,0.00,1.87,2.77,2.97,39.40,23.96,2.77,385.03,139.0,56,04-Feb-25,,,,,,,,,,,,,,,
713-323740-001,9855R16,05,PLANNING,,0.50,0.00,0.00,0.00,0.00,17.50,0.00,0.50,0.00,,147,07-Jan-26,,,,,,,,,,,,,,,
713-323740-001,9855R16,10,LYNX21LYSB,DOOSAN LYNX 2100 LYSB,4.50,5.68,49.00,49.00,20.00,1070.00,541.78,54.68,9842.40,180.0,147,07-Jan-26,,,,,,,,,,,,,,,
713-323740-001,9855R16,800,DEBUR,,0.10,0.00,12.25,1.53,0.62,148.20,15.30,1.53,110.16,72.0,147,07-Jan-26,,,,,,,,,,,,,,,
713-323740-001,9855R16,997,INSPECTLAB,,0.10,0.00,0.20,0.85,0.35,4.50,10.83,0.85,84.15,99.0,147,07-Jan-26,,,,,,,,,,,,,,,
713-323740-001,9855R16,991,INSPECTIQC,,0.10,0.00,0.30,0.30,0.12,6.00,3.90,0.30,29.70,99.0,147,07-Jan-26,,,,,,,,,,,,,,,
713-344410-010,8049R12,10,LYNX21LYSB,,1.50,2.00,26.00,26.00,10.00,550.00,340.56,28.00,5040.00,180,156,05-Aug-25,,,,,,,,,,,,,,,
713-344410-010,8049R12,800,DEBUR,,0.10,0.00,5.20,3.87,1.49,63.60,31.62,3.87,278.64,72,156,05-Aug-25,,,,,,,,,,,,,,,
713-344410-010,8049R12,999,INSPECTASY,,0.20,0.00,0.50,1.92,0.74,10.50,10.14,1.92,190.08,99,156,05-Aug-25,,,,,,,,,,,,,,,
713-344410-010,8049R12,LAM-PACK,PKG CLN10K,,0.10,0.00,3.90,1.37,0.53,80.00,14.49,1.37,190.43,139,156,05-Aug-25,,,,,,,,,,,,,,,
713-A05592-003,6030R19,10,CNCTM TAK,NEX-110Y,0.50,2.50,3.73,3.73,7.99,84.60,67.41,6.23,1121.40,180,28,09-Apr-25,,,,,,,,,,,,,,,
713-A05592-003,6030R19,20,CNCTM TAK,NEX-110Y,0.50,2.00,4.67,4.67,10.00,103.40,63.67,6.67,1200.60,180,28,09-Apr-25,,,,,,,,,,,,,,,
713-A05592-003,6030R19,800,DEBUR,,0.10,0.00,1.87,1.58,3.39,23.64,12.64,1.58,113.76,72,28,09-Apr-25,,,,,,,,,,,,,,,
713-A05592-003,6030R19,999,INSPECT,,0.20,0.00,1.40,0.92,1.97,24.00,8.84,0.92,91.08,99,28,09-Apr-25,,,,,,,,,,,,,,,
713-A05592-003,6030R19,LAM-PACK,ASSY3,,0.10,0.00,2.33,1.60,3.43,48.60,14.61,1.60,222.40,139,28,09-Apr-25,,,,,,,,,,,,,,,
713-A42978-022,8048R26,10,CNCR EXACT,CNCR EXACT,0.25,0.00,5.40,5.40,9.0,113.00,48.60,5.40,977.40,181,36,08-Dec-25,,,,,,,,,,,,,,,
713-A42978-022,8048R26,800,DEBUR,DEBUR,0.10,0.00,6.00,3.90,6.5,73.20,31.20,3.90,280.80,72,36,08-Dec-25,,,,,,,,,,,,,,,
713-A42978-022,8048R26,20,CNC HAAS L,CNC HAAS L,0.50,0.50,9.60,9.60,16.0,202.00,89.80,10.10,1807.90,179,36,08-Dec-25,,,,,,,,,,,,,,,
713-A42978-022,8048R26,30,CNC HAAS L,CNC HAAS L,0.50,0.50,90.00,90.00,150.0,1810.00,839.00,90.50,16199.50,179,36,08-Dec-25,,,,,,,,,,,,,,,
713-A42978-022,8048R26,810,DEBUR,DEBUR,0.10,0.00,6.00,13.75,22.9,73.20,109.87,13.75,990.00,72,36,08-Dec-25,,,,,,,,,,,,,,,
713-A42978-022,8048R26,995,INSPECTIPQ,INSPECTIPQ,0.10,0.00,0.00,0.32,0.53,1.50,3.39,0.32,31.68,99,36,08-Dec-25,,,,,,,,,,,,,,,
713-A42978-022,8048R26,820,ASSY1,ASSY1,0.10,0.00,1.80,2.23,3.72,22.80,20.36,2.23,160.56,72,36,08-Dec-25,,,,,,,,,,,,,,,
713-A42978-022,8048R26,999,INSPECTASY,INSPECTASY,0.20,0.00,1.80,3.44,5.73,30.00,27.62,3.44,340.56,99,72,08-Dec-25,,,,,,,,,,,,,,,
713-A42978-022,8048R26,991,INSPECTIQC,INSPECTIQC,0.10,0.00,0.30,0.50,0.83,6.00,3.61,0.50,49.50,99,36,08-Dec-25,,,,,,,,,,,,,,,
713-A42978-022,8048R26,LAM-PACK,PKG CLN10K,PKG CLN10K,0.10,0.00,3.00,10.40,17.3,62.00,89.96,10.40,1445.60,139,36,08-Dec-25,,,,,,,,,,,,,,,
713-A51655-001,8931R11,10,CNCR EXACT,CNCR EXACT,0.30,0.48,0.93,0.93,1.40,24.60,11.52,1.41,255.21,181,40,26-Dec-25,,,,,,,,,,,,,,,
713-A51655-001,8931R11,800,DEBUR,DEBUR,0.10,0.00,1.33,2.23,3.35,17.16,16.08,2.23,160.56,72,40,26-Dec-25,,,,,,,,,,,,,,,
713-A51655-001,8931R11,20,CNCV FAN M,CNCV FAN M,0.50,1.00,1.33,1.30,1.95,36.60,0.00,2.30,282.90,123,40,26-Dec-25,,,,,,,,,,,,,,,
713-A51655-001,8931R11,810,DEBUR,DEBUR,0.10,0.00,1.33,0.62,0.93,17.16,6.20,0.62,44.64,72,40,26-Dec-25,,,,,,,,,,,,,,,
713-A51655-001,8931R11,999,INSPECTASY,INSPECTASY,0.10,0.00,1.33,2.81,6.24,21.45,20.26,2.81,278.19,99,27,26-Dec-25,,,,,,,,,,,,,,,
713-A51655-001,8931R11,LAM-PACK,PKG CLN10K,PKG CLN10K,0.10,0.00,0.67,3.30,7.33,15.40,30.13,3.30,458.70,139,27,26-Dec-25,,,,,,,,,,,,,,,
839-219206-002,10775R05,800,SAW,SAW,0.10,0.00,1.87,3.73,4.0,23.64,35.88,3.73,268.56,72,56,16-Jan-25,,,,,,,,,,,,,,,
839-219206-002,10775R05,10,CNCV FAN M,CNCV FAN M,0.30,0.60,8.40,8.40,9.0,174.00,112.80,9.00,1107.00,123,56,16-Jan-25,,,,,,,,,,,,,,,
839-219206-002,10775R05,20,CNC 5-AXIS,CNC 5-AXIS,0.30,1.50,23.33,23.33,25.0,708.90,322.79,24.83,6803.42,274,56,16-Jan-25,,,,,,,,,,,,,,,
839-219206-002,10775R05,30,CNCV FAN M,CNCV FAN M,0.10,1.00,9.33,9.30,9.96,188.60,99.38,10.30,1266.90,123,56,16-Jan-25,,,,,,,,,,,,,,,
839-219206-002,10775R05,810,DEBUR,DEBUR,0.10,0.00,2.80,1.95,2.09,34.80,15.60,1.95,140.40,72,56,16-Jan-25,,,,,,,,,,,,,,,
839-219206-002,10775R05,997,INSPECT,INSPECT,0.10,0.00,2.80,2.02,2.16,43.50,21.37,2.02,199.98,99,56,16-Jan-25,,,,,,,,,,,,,,,
839-219206-002,10775R05,820,SOCKET FUS,SOCKET FUS,0.50,0.00,4.67,3.24,3.47,267.08,31.17,3.24,523.39,162,56,16-Jan-25,,,,,,,,,,,,,,,
839-219206-002,10775R05,910,LEAK TEST,LEAK TEST,0.10,0.00,9.33,6.77,7.25,141.45,81.24,6.77,670.23,99,56,16-Jan-25,,,,,,,,,,,,,,,
839-219206-002,10775R05,999,INSPECT,INSPECT,0.20,0.00,2.80,0.73,0.78,45.00,8.03,0.73,72.27,99,56,16-Jan-25,,,,,,,,,,,,,,,
839-219206-002,10775R05,LAM-PACK,ASSY3,ASSY3,0.10,0.00,1.87,1.95,2.09,39.40,15.00,1.95,271.05,139,56,16-Jan-25,,,,,,,,,,,,,,,
839-232763-002,14185R01,800,SOCKET FUS,SOCKET FUS,0.30,0.00,1.33,1.57,9.4,84.21,15.10,1.57,253.62,162,10,22-Jan-25,,,,,,,,,,,,,,,
839-232763-002,14185R01,810,ASSY1,ASSY1,0.10,0.00,1.00,0.80,4.8,13.20,7.70,0.80,57.60,72,10,22-Jan-25,,,,,,,,,,,,,,,
839-232763-002,14185R01,820,WELD,WELD,0.20,0.00,2.50,2.65,15.9,81.00,26.50,2.65,376.30,142,10,22-Jan-25,,,,,,,,,,,,,,,
839-232763-002,14185R01,910,LEAK TEST,LEAK TEST,0.20,0.00,0.83,2.49,14.9,15.45,25.15,2.49,246.51,99,10,22-Jan-25,,,,,,,,,,,,,,,
839-232763-002,14185R01,999,INSPECT,INSPECT,0.10,0.00,0.20,1.55,9.3,4.50,17.05,1.55,153.45,99,10,22-Jan-25,,,,,,,,,,,,,,,
839-232763-002,14185R01-1,09,CNCV MAK,CNCV MAK,0.20,0.50,0.33,0.50,3.0,10.60,13.00,1.00,123.00,123,10,03-Feb-25,,,,,,,,,,,,,,,
839-232763-002,14185R01-1,10,DVF 5000,DVF 5000,0.33,1.50,6.33,6.33,38.0,199.80,101.79,7.83,2145.42,274,10,03-Feb-25,,,,,,,,,,,,,,,
839-232763-002,14185R01-1,20,CNCV MAK,CNCV MAK,0.20,1.00,0.67,0.67,4.0,17.40,16.70,1.67,205.41,123,10,03-Feb-25,,,,,,,,,,,,,,,
839-232763-002,14185R01-2,10,CNCL TAK,CNCL TAK,1.00,4.00,3.33,3.34,10.0,86.60,64.70,7.34,829.42,113,20,03-Feb-25,,,,,,,,,,,,,,,
839-232763-002,14185R01-2,20,CNCL TAK,CNCL TAK,0.50,1.00,0.67,0.66,2.0,23.40,14.95,1.66,187.58,113,20,03-Feb-25,,,,,,,,,,,,,,,
839-232763-002,14185R01-3,09,CNCR EXACT,CNCR EXACT,0.20,1.00,0.70,0.90,5.4,18.00,24.70,1.90,343.90,181,10,03-Feb-25,,,,,,,,,,,,,,,
839-297424-004,15763R34-1,10,CNCR EXACT,CNCR EXACT,0.50,0.50,1.20,1.20,12.00,34.00,16.34,1.70,307.70,181,6,13-Jan-26,,,,,,,,,,,,,,,
839-297424-004,15763R34-1,20,CNCR EXACT,CNCR EXACT,0.50,0.00,6.50,6.50,65.00,140.00,71.50,6.50,1176.50,181,6,13-Jan-26,,,,,,,,,,,,,,,
839-297424-004,15763R34-1,800,DEBUR,DEBUR,0.10,0.00,2.00,1.50,15.00,25.20,12.26,1.50,108.00,72,6,13-Jan-26,,,,,,,,,,,,,,,
839-297424-004,15763R34-2,10,CNCR EXACT,CNCR EXACT,0.50,0.50,2.70,2.70,27.00,64.00,35.95,3.20,579.20,181,6,13-Jan-26,,,,,,,,,,,,,,,
839-297424-004,15763R34-2,20,CNCR EXACT,CNCR EXACT,0.50,0.60,7.50,7.50,75.00,160.00,105.30,8.10,1466.10,181,6,13-Jan-26,,,,,,,,,,,,,,,
839-297424-004,15763R34-2,30,CNCR EXACT,CNCR EXACT,0.50,0.50,2.20,2.20,22.00,54.00,36.34,2.70,488.70,181,6,13-Jan-26,,,,,,,,,,,,,,,
839-297424-004,15763R34-2,40,CNCR EXACT,CNCR EXACT,0.50,0.00,7.50,7.50,75.00,160.00,84.00,7.50,1357.50,181,6,13-Jan-26,,,,,,,,,,,,,,,
839-297424-004,15763R34-2,50,CNCV FAN M,CNCV FAN M,1.00,1.00,0.20,0.20,2.00,24.00,13.20,1.20,147.60,123,6,13-Jan-26,,,,,,,,,,,,,,,
839-297424-004,15763R34-2,60,DNM 6700,DNM 6700,0.50,0.50,0.10,0.10,1.00,12.00,7.64,0.60,94.20,157,6,13-Jan-26,,,,,,,,,,,,,,,
839-297424-004,15763R34-2,800,DEBUR,DEBUR,0.10,0.00,4.50,11.50,115.00,55.20,72.55,11.50,828.00,72,6,13-Jan-26,,,,,,,,,,,,,,,
839-297424-004,15763R34,820,WELD,WELD,0.10,0.00,78.00,84.05,840.50,2343.00,957.28,84.05,11935.10,142,6,13-Jan-26,,,,,,,,,,,,,,,
839-A05168-102,14422R01,05,PLANNING,,0.50,0.00,0.00,0.00,0.00,17.50,0.00,0.50,0.00,,4,07-May-26,,,,,,,,,,,,,,,
839-A05168-102,14422R01,800,SAW MCH,,0.10,0.00,0.20,0.50,7.50,3.60,4.50,0.50,36.00,72.00,4,07-May-26,,,,,,,,,,,,,,,
839-A05168-102,14422R01,810,DEBUR,,0.10,0.00,0.17,0.30,4.50,3.24,2.70,0.30,21.60,72.00,4,07-May-26,,,,,,,,,,,,,,,
839-A05168-102,14422R01,820,WELD,,0.20,0.00,0.33,2.00,30.00,15.90,22.00,2.00,284.00,142.00,4,07-May-26,,,,,,,,,,,,,,,
839-A05168-102,14422R01,830,SOCKET FUS,,0.30,0.00,2.33,2.45,36.75,135.87,23.57,2.45,395.78,161.54,4,07-May-26,,,,,,,,,,,,,,,
839-A05168-102,14422R01,840,GF FUS,,0.50,0.00,5.13,4.72,70.80,290.85,72.59,4.72,1337.23,283.31,4,07-May-26,,,,,,,,,,,,,,,
839-A05168-102,14422R01,850,WELD,,0.10,0.00,0.67,0.87,13.05,23.10,8.70,0.87,123.54,142.00,4,07-May-26,,,,,,,,,,,,,,,
839-A05168-102,14422R01,910,LEAK TEST,,0.20,0.00,1.00,1.18,17.70,18.00,10.62,1.18,116.82,98.83,4,07-May-26,,,,,,,,,,,,,,,
839-A05168-102,14422R01,LABELLING,PART MARK,,0.20,0.00,0.07,0.07,1.05,3.24,0.37,0.07,5.04,72.00,4,07-May-26,,,,,,,,,,,,,,,
839-A05168-102,14422R01,999,INSPECT,,0.10,0.00,0.07,0.30,4.50,2.55,2.74,0.30,29.70,99.00,4,07-May-26,,,,,,,,,,,,,,,
839-A05168-102,14422R01,FAIR,FAP FAIR,,0.00,0.00,3.00,0.15,2.25,0.00,1.37,0.15,0.00,,4,07-May-26,,,,,,,,,,,,,,,
839-A05168-102,14422R01,LAM-PACK,ASSY3,,0.10,0.00,0.20,0.80,12.00,6.00,6.92,0.80,111.20,139.00,4,07-May-26,,,,,,,,,,,,,,,
839-A05168-102,14557R02,05,PLANNING,,0.50,0.00,0.00,0.00,0.00,17.50,0.00,0.00,0.00,,13,07-May-26,,,,,,,,,,,,,,,
839-A05168-102,14557R02,800,SAW MCH,,0.10,0.00,0.22,1.50,6.92,3.84,13.50,1.50,108.00,72.00,13,07-May-26,,,,,,,,,,,,,,,
839-A05168-102,14557R02,10,CNCV MAK,,0.50,0.50,1.73,1.73,7.98,44.60,19.29,2.23,274.29,122.99,13,07-May-26,,,,,,,,,,,,,,,
839-A05168-102,14557R02,800,DEBUR,,0.10,0.00,0.43,0.81,3.74,6.36,6.54,0.81,58.32,72.00,13,07-May-26,,,,,,,,,,,,,,,
839-A05168-102,14557R02,995,INSPECTIPQ,,0.10,0.00,0.30,0.80,3.69,6.00,0.00,0.80,79.20,99.00,13,07-May-26,,,,,,,,,,,,,,,
839-A05168-102,14558R02,10,CNCR EXACT,,0.30,0.30,1.78,1.78,9.71,41.60,16.99,2.08,376.48,181.00,11,07-May-26,,,,,,,,,,,,,,,
839-A05168-102,14558R02,800,DEBUR,,0.10,0.00,0.37,0.37,2.02,5.64,2.96,0.37,26.64,72.00,11,07-May-26,,,,,,,,,,,,,,,
839-A05168-102,14558R02,995,INSPECTIPQ,,0.10,0.00,0.30,1.95,10.64,6.00,20.63,1.95,193.05,99.00,11,07-May-26,,,,,,,,,,,,,,,
839-A05168-102,14559R02,10,CNCR EXACT,,0.30,0.30,0.26,0.26,1.73,11.20,4.57,0.56,101.36,181.00,9,07-May-26,,,,,,,,,,,,,,,
839-A05168-102,14559R02,800,DEBUR,,0.10,0.00,0.15,1.32,8.80,3.00,0.16,1.32,95.04,72.00,9,07-May-26,,,,,,,,,,,,,,,
839-A05168-102,14559R02,995,INSPECTIPQ,,0.10,0.00,0.30,0.12,0.80,6.00,1.27,0.12,11.88,99.00,9,07-May-26,,,,,,,,,,,,,,,
839-A05168-102,14560R02,09,CNCR EXACT,,0.30,0.50,0.30,0.30,2.00,12.00,8.46,0.80,144.80,181.00,9,07-May-26,,,,,,,,,,,,,,,
839-A05168-102,14560R02,800,DEBUR,,0.10,0.00,0.30,0.20,1.33,4.80,1.44,0.20,14.40,72.00,9,07-May-26,,,,,,,,,,,,,,,
839-A05168-102,14560R02,10,DNM 57004X,DOOSAN DNM 5700 4X,1.00,1.00,2.60,2.60,17.33,72.00,46.80,3.60,565.20,156.89,9,07-May-26,,,,,,,,,,,,,,,
839-A05168-102,14560R02,20,DNM 57004X,DOOSAN DNM 5700 4X,0.30,0.30,1.35,1.35,9.00,33.00,21.45,1.65,259.05,157.00,9,07-May-26,,,,,,,,,,,,,,,
839-A05168-102,14560R02,810,DEBUR,,0.10,0.00,0.15,0.85,5.67,3.00,0.00,0.85,61.20,72.00,9,07-May-26,,,,,,,,,,,,,,,
839-A05168-102,14560R02,995,INSPECTIPQ,,0.10,0.00,0.30,0.22,1.47,6.00,2.33,0.22,21.78,99.00,9,07-May-26,,,,,,,,,,,,,,,
839-A05168-102,14561R02,10,CNCL TAK,TAKISAWA NEX-108,1.50,1.60,0.76,0.75,3.46,45.20,0.00,2.35,265.55,112.96,13,07-May-26,,,,,,,,,,,,,,,
839-A05168-102,14561R02,20,CNCL TAK,TAKISAWA NEX-108,1.00,1.00,0.33,0.32,1.48,26.60,0.00,1.32,149.16,113.00,13,07-May-26,,,,,,,,,,,,,,,
839-A05168-102,14561R02,800,DEBUR,,0.10,0.00,0.22,0.25,1.15,3.84,0.00,0.25,18.00,72.00,13,07-May-26,,,,,,,,,,,,,,,
839-A05168-102,14561R02,995,INSPECTIPQ,,0.10,0.00,0.30,0.42,1.94,6.00,3.78,0.42,41.58,99.00,13,07-May-26,,,,,,,,,,,,,,,
839-A05168-102,14562R02,10,CNCL TAK,TAKISAWA NEX-108,1.00,1.50,1.70,1.70,7.85,54.00,28.80,3.20,361.60,113.00,13,07-May-26,,,,,,,,,,,,,,,
839-A05168-102,14562R02,20,CNCL TAK,TAKISAWA NEX-108,1.00,1.50,0.22,0.22,1.02,24.40,15.48,1.72,194.36,113.00,13,07-May-26,,,,,,,,,,,,,,,
839-A05168-102,14562R02,800,DEBUR,,0.10,0.00,0.22,0.55,2.54,3.84,0.00,0.55,39.60,72.00,13,07-May-26,,,,,,,,,,,,,,,
839-A05168-102,14562R02,995,INSPECTIPQ,,0.10,0.00,0.30,0.47,2.17,6.00,4.23,0.47,46.53,99.00,13,07-May-26,,,,,,,,,,,,,,,
839-A07950-001,,10,DNM 6700,DOOSAN DNM 6700,,,,,,,,,,~157,,17-Jan-24,,,,,,,,,,,,,,,
839-A29596-001,12972R08,10,CNCV FAN M,CNCV FAN M,0.50,1.50,0.67,0.67,2.0,23.40,19.82,2.17,266.91,123,20,19-Jan-26,,,,,,,,,,,,,,,
839-A29596-001,12972R08,20,CNC 5-AXIS,CNC 5-AXIS,1.00,1.00,10.67,10.67,32.0,350.10,151.71,11.67,3197.58,274,20,19-Jan-26,,,,,,,,,,,,,,,
839-A29596-001,12972R08,30,CNCV FAN M,CNCV FAN M,0.50,0.50,1.33,1.33,4.0,36.60,13.36,1.83,225.09,123,20,19-Jan-26,,,,,,,,,,,,,,,
839-A29596-001,12972R08,800,DEBUR,DEBUR,0.10,0.00,1.67,1.27,3.8,21.24,12.70,1.27,91.44,72,20,19-Jan-26,,,,,,,,,,,,,,,
839-A29596-001,12972R08,995,INSPECTIPQ,INSPECTIPQ,0.10,0.00,0.00,1.12,3.36,1.50,8.08,1.12,110.88,99,20,19-Jan-26,,,,,,,,,,,,,,,
839-A29596-001,12972R08,810,SOCKET FUS,SOCKET FUS,0.50,0.00,3.33,4.20,12.6,197.86,40.36,4.20,678.47,162,20,19-Jan-26,,,,,,,,,,,,,,,
839-A29596-001,12972R08,910,LEAK TEST,LEAK TEST,0.20,0.00,1.67,2.47,7.4,28.05,22.23,2.47,244.53,99,20,19-Jan-26,,,,,,,,,,,,,,,
839-A29596-001,12972R08,998,INSPECT,INSPECT,0.20,0.00,1.00,1.05,3.15,18.00,11.61,1.05,103.95,99,20,19-Jan-26,,,,,,,,,,,,,,,
839-A29596-001,12972R08,LAM-PACK,PKG CLN10K,PKG CLN10K,0.00,0.00,1.67,1.27,3.8,33.40,11.60,1.27,176.53,139,20,19-Jan-26,,,,,,,,,,,,,,,
0022-26609,COFAB-quote,,,,,,,,,,,,,,,,1,,,USD 67.00,USD 67.00,,,,,,,,,15.00,COFAB quote tier; class=Simple; part_type=cnc_milling; material=PEEK Natural; source=10 Sample part (COFAB).xlsx#0022-26609
0022-26609,COFAB-quote,,,,,,,,,,,,,,,,5,,,USD 44.00,USD 220.00,,,,,,,,,15.00,COFAB quote tier; class=Simple; part_type=cnc_milling; material=PEEK Natural; source=10 Sample part (COFAB).xlsx#0022-26609
0022-26609,COFAB-quote,,,,,,,,,,,,,,,,10,,,USD 36.00,USD 360.00,,,,,,,,,15.00,COFAB quote tier; class=Simple; part_type=cnc_milling; material=PEEK Natural; source=10 Sample part (COFAB).xlsx#0022-26609
0022-26609,COFAB-quote,,,,,,,,,,,,,,,,20,,,USD 32.00,USD 640.00,,,,,,,,,15.00,COFAB quote tier; class=Simple; part_type=cnc_milling; material=PEEK Natural; source=10 Sample part (COFAB).xlsx#0022-26609
0023-26807,COFAB-quote,,,,,,,,,,,,,,,,1,,,USD 194.09,USD 194.09,,,,,,,,,90.00,COFAB quote tier; class=Complex; part_type=cnc_lathe_milling; material=PVC White; source=10 Sample part (COFAB).xlsx#0023-26807
0023-26807,COFAB-quote,,,,,,,,,,,,,,,,2,,,USD 126.40,USD 252.80,,,,,,,,,90.00,COFAB quote tier; class=Complex; part_type=cnc_lathe_milling; material=PVC White; source=10 Sample part (COFAB).xlsx#0023-26807
0023-26807,COFAB-quote,,,,,,,,,,,,,,,,5,,,USD 85.78,USD 428.90,,,,,,,,,90.00,COFAB quote tier; class=Complex; part_type=cnc_lathe_milling; material=PVC White; source=10 Sample part (COFAB).xlsx#0023-26807
0023-26807,COFAB-quote,,,,,,,,,,,,,,,,10,,,USD 72.24,USD 722.40,,,,,,,,,90.00,COFAB quote tier; class=Complex; part_type=cnc_lathe_milling; material=PVC White; source=10 Sample part (COFAB).xlsx#0023-26807
0023-26807,COFAB-quote,,,,,,,,,,,,,,,,20,,,USD 65.47,USD 1309.40,,,,,,,,,90.00,COFAB quote tier; class=Complex; part_type=cnc_lathe_milling; material=PVC White; source=10 Sample part (COFAB).xlsx#0023-26807
0023-12036,COFAB-quote,,,,,,,,,,,,,,,,1,,,USD 88.93,USD 88.93,,,,,,,,,4.00,COFAB quote tier; class=Simple; part_type=cnc_lathe; material=Semitron ESD PEEK (480); source=10 Sample part (COFAB).xlsx#0023-12036
0023-12036,COFAB-quote,,,,,,,,,,,,,,,,5,,,USD 44.10,USD 220.50,,,,,,,,,4.00,COFAB quote tier; class=Simple; part_type=cnc_lathe; material=Semitron ESD PEEK (480); source=10 Sample part (COFAB).xlsx#0023-12036
0023-12036,COFAB-quote,,,,,,,,,,,,,,,,10,,,USD 38.37,USD 383.70,,,,,,,,,4.00,COFAB quote tier; class=Simple; part_type=cnc_lathe; material=Semitron ESD PEEK (480); source=10 Sample part (COFAB).xlsx#0023-12036
0023-12036,COFAB-quote,,,,,,,,,,,,,,,,20,,,USD 35.34,USD 706.80,,,,,,,,,4.00,COFAB quote tier; class=Simple; part_type=cnc_lathe; material=Semitron ESD PEEK (480); source=10 Sample part (COFAB).xlsx#0023-12036
0042-93726,COFAB-quote,,,,,,,,,,,,,,,,1,,,USD 66.50,USD 66.50,,,,,,,,,52.50,"COFAB quote tier; class=Complex; part_type=cnc_milling; material=PVC (FMNS15, 0.5"" sheet); source=10 Sample part (COFAB).xlsx#0042-93726"
0042-93726,COFAB-quote,,,,,,,,,,,,,,,,5,,,USD 42.09,USD 210.45,,,,,,,,,52.50,"COFAB quote tier; class=Complex; part_type=cnc_milling; material=PVC (FMNS15, 0.5"" sheet); source=10 Sample part (COFAB).xlsx#0042-93726"
0042-93726,COFAB-quote,,,,,,,,,,,,,,,,10,,,USD 33.96,USD 339.60,,,,,,,,,52.50,"COFAB quote tier; class=Complex; part_type=cnc_milling; material=PVC (FMNS15, 0.5"" sheet); source=10 Sample part (COFAB).xlsx#0042-93726"
0042-83323,COFAB-quote,,,,,,,,,,,,,,,,1,,,USD 395.79,USD 395.79,,,,,,,,,103.00,COFAB quote tier; class=Complex; part_type=assembly; material=PVC (multi-item weldment); sub_items=2; source=10 Sample part (COFAB).xlsx#0042-83323
0042-46169,COFAB-quote,,,,,,,,,,,,,,,,1,,,USD 158.23,USD 158.23,,,,,,,,,77.00,COFAB quote tier; class=Complex; part_type=cnc_milling; material=PVC (multi-thickness); source=10 Sample part (COFAB).xlsx#0042-46169
0042-46169,COFAB-quote,,,,,,,,,,,,,,,,5,,,USD 81.57,USD 407.85,,,,,,,,,77.00,COFAB quote tier; class=Complex; part_type=cnc_milling; material=PVC (multi-thickness); source=10 Sample part (COFAB).xlsx#0042-46169
0042-46169,COFAB-quote,,,,,,,,,,,,,,,,10,,,USD 71.98,USD 719.80,,,,,,,,,77.00,COFAB quote tier; class=Complex; part_type=cnc_milling; material=PVC (multi-thickness); source=10 Sample part (COFAB).xlsx#0042-46169
0042-46169,COFAB-quote,,,,,,,,,,,,,,,,20,,,USD 67.20,USD 1344.00,,,,,,,,,77.00,COFAB quote tier; class=Complex; part_type=cnc_milling; material=PVC (multi-thickness); source=10 Sample part (COFAB).xlsx#0042-46169
0043-09967,COFAB-quote,,,,,,,,,,,,,,,,1,,,USD 146.81,USD 146.81,,,,,,,,,50.00,"COFAB quote tier; class=Simple; part_type=cnc_milling; material=CPVC, 3mm CLR sheet; source=10 Sample part (COFAB).xlsx#0043-09967"
0043-09967,COFAB-quote,,,,,,,,,,,,,,,,5,,,USD 67.40,USD 337.00,,,,,,,,,50.00,"COFAB quote tier; class=Simple; part_type=cnc_milling; material=CPVC, 3mm CLR sheet; source=10 Sample part (COFAB).xlsx#0043-09967"
0043-09967,COFAB-quote,,,,,,,,,,,,,,,,10,,,USD 57.47,USD 574.70,,,,,,,,,50.00,"COFAB quote tier; class=Simple; part_type=cnc_milling; material=CPVC, 3mm CLR sheet; source=10 Sample part (COFAB).xlsx#0043-09967"
0043-09967,COFAB-quote,,,,,,,,,,,,,,,,20,,,USD 54.89,USD 1097.80,,,,,,,,,50.00,"COFAB quote tier; class=Simple; part_type=cnc_milling; material=CPVC, 3mm CLR sheet; source=10 Sample part (COFAB).xlsx#0043-09967"
0042-88459,COFAB-quote,,,,,,,,,,,,,,,,1,,,USD 120.88,USD 120.88,,,,,,,,,9.00,COFAB quote tier; class=Simple; part_type=cnc_milling; material=Semitron ESD 480 PEEK; source=10 Sample part (COFAB).xlsx#0042-88459
0042-88459,COFAB-quote,,,,,,,,,,,,,,,,5,,,USD 76.05,USD 380.25,,,,,,,,,9.00,COFAB quote tier; class=Simple; part_type=cnc_milling; material=Semitron ESD 480 PEEK; source=10 Sample part (COFAB).xlsx#0042-88459
0042-88459,COFAB-quote,,,,,,,,,,,,,,,,10,,,USD 70.31,USD 703.10,,,,,,,,,9.00,COFAB quote tier; class=Simple; part_type=cnc_milling; material=Semitron ESD 480 PEEK; source=10 Sample part (COFAB).xlsx#0042-88459
0042-88459,COFAB-quote,,,,,,,,,,,,,,,,20,,,USD 67.29,USD 1345.80,,,,,,,,,9.00,COFAB quote tier; class=Simple; part_type=cnc_milling; material=Semitron ESD 480 PEEK; source=10 Sample part (COFAB).xlsx#0042-88459
0042-58555,COFAB-quote,,,,,,,,,,,,,,,,1,,,USD 340.04,USD 340.04,,,,,,,,,58.00,COFAB quote tier; class=Complex; part_type=cnc_milling; material=PET-P (block); source=10 Sample part (COFAB).xlsx#0042-58555
0042-58555,COFAB-quote,,,,,,,,,,,,,,,,3,,,USD 167.24,USD 501.72,,,,,,,,,58.00,COFAB quote tier; class=Complex; part_type=cnc_milling; material=PET-P (block); source=10 Sample part (COFAB).xlsx#0042-58555
0042-58555,COFAB-quote,,,,,,,,,,,,,,,,5,,,USD 132.68,USD 663.40,,,,,,,,,58.00,COFAB quote tier; class=Complex; part_type=cnc_milling; material=PET-P (block); source=10 Sample part (COFAB).xlsx#0042-58555
0042-58555,COFAB-quote,,,,,,,,,,,,,,,,10,,,USD 112.17,USD 1121.70,,,,,,,,,58.00,COFAB quote tier; class=Complex; part_type=cnc_milling; material=PET-P (block); source=10 Sample part (COFAB).xlsx#0042-58555
0042-51782,COFAB-quote,,,,,,,,,,,,,,,,3,,,USD 68.51,USD 205.53,,,,,,,,,36.00,COFAB quote tier; class=Simple; part_type=cnc_milling; material=PET White; source=10 Sample part (COFAB).xlsx#0042-51782
0042-51782,COFAB-quote,,,,,,,,,,,,,,,,5,,,USD 56.45,USD 282.25,,,,,,,,,36.00,COFAB quote tier; class=Simple; part_type=cnc_milling; material=PET White; source=10 Sample part (COFAB).xlsx#0042-51782
0042-51782,COFAB-quote,,,,,,,,,,,,,,,,10,,,USD 47.25,USD 472.50,,,,,,,,,36.00,COFAB quote tier; class=Simple; part_type=cnc_milling; material=PET White; source=10 Sample part (COFAB).xlsx#0042-51782
0042-51782,COFAB-quote,,,,,,,,,,,,,,,,20,,,USD 42.48,USD 849.60,,,,,,,,,36.00,COFAB quote tier; class=Simple; part_type=cnc_milling; material=PET White; source=10 Sample part (COFAB).xlsx#0042-51782
839-323453-001,COFAB-quote,,,,,,,,,,,,,,,,1,,,USD 1498.53,USD 1498.53,,,,,,,,,116.00,COFAB quote tier; class=Complex; part_type=cnc_milling; material=Unknown (customer-supplied blank F115-00616-00 REVA; Ti hardware suggests metallic substrate); source=2 Sample part (COFAB).xlsx#839-323453-001-A01-FAP
839-323453-001,COFAB-quote,,,,,,,,,,,,,,,,5,,,USD 1321.05,USD 6605.25,,,,,,,,,116.00,COFAB quote tier; class=Complex; part_type=cnc_milling; material=Unknown (customer-supplied blank F115-00616-00 REVA; Ti hardware suggests metallic substrate); source=2 Sample part (COFAB).xlsx#839-323453-001-A01-FAP
839-323453-001,COFAB-quote,,,,,,,,,,,,,,,,10,,,USD 1298.87,USD 12988.70,,,,,,,,,116.00,COFAB quote tier; class=Complex; part_type=cnc_milling; material=Unknown (customer-supplied blank F115-00616-00 REVA; Ti hardware suggests metallic substrate); source=2 Sample part (COFAB).xlsx#839-323453-001-A01-FAP
839-323453-001,COFAB-quote,,,,,,,,,,,,,,,,20,,,USD 1287.78,USD 25755.60,,,,,,,,,116.00,COFAB quote tier; class=Complex; part_type=cnc_milling; material=Unknown (customer-supplied blank F115-00616-00 REVA; Ti hardware suggests metallic substrate); source=2 Sample part (COFAB).xlsx#839-323453-001-A01-FAP
839-323453-001,COFAB-quote,,,,,,,,,,,,,,,,50,,,USD 1281.12,USD 64056.00,,,,,,,,,116.00,COFAB quote tier; class=Complex; part_type=cnc_milling; material=Unknown (customer-supplied blank F115-00616-00 REVA; Ti hardware suggests metallic substrate); source=2 Sample part (COFAB).xlsx#839-323453-001-A01-FAP
0041-28291,COFAB-quote,,,,,,,,,,,,,,,,1,,,USD 491.62,USD 491.62,,,,,,,,,137.00,"COFAB quote tier; class=Complex; part_type=cnc_milling; material=PVC Grey, 1.5"" thick; source=2 Sample part (COFAB).xlsx#0041-28291 REV05"
0041-28291,COFAB-quote,,,,,,,,,,,,,,,,5,,,USD 420.93,USD 2104.65,,,,,,,,,137.00,"COFAB quote tier; class=Complex; part_type=cnc_milling; material=PVC Grey, 1.5"" thick; source=2 Sample part (COFAB).xlsx#0041-28291 REV05"
0041-28291,COFAB-quote,,,,,,,,,,,,,,,,10,,,USD 412.10,USD 4121.00,,,,,,,,,137.00,"COFAB quote tier; class=Complex; part_type=cnc_milling; material=PVC Grey, 1.5"" thick; source=2 Sample part (COFAB).xlsx#0041-28291 REV05"
0041-28291,COFAB-quote,,,,,,,,,,,,,,,,20,,,USD 407.68,USD 8153.60,,,,,,,,,137.00,"COFAB quote tier; class=Complex; part_type=cnc_milling; material=PVC Grey, 1.5"" thick; source=2 Sample part (COFAB).xlsx#0041-28291 REV05"
0041-28291,COFAB-quote,,,,,,,,,,,,,,,,50,,,USD 405.03,USD 20251.50,,,,,,,,,137.00,"COFAB quote tier; class=Complex; part_type=cnc_milling; material=PVC Grey, 1.5"" thick; source=2 Sample part (COFAB).xlsx#0041-28291 REV05"
