part_number,op,seq,feature_or_op,tool_name,tool_type,dia_mm,flutes,cut_len_mm,tool_len_mm,zmin_mm,feed_mm_min,feed_mm_rev,speed_rpm,stepover_mm,stepdown_mm,material,machine,source,cut_time_s,cut_min
713-187739-236,10,1,Face (Roughing),C-RF-80 MM-45DEG LEAD-FACEMILL,face_mill,80,4,10,50,,800,,5000,,,PEEK,Makino PS95,kb_data_xlsx_2026-05-22,33,0.55
713-187739-236,10,2,Face (Roughing),20MM CL40NL10-FL3-TL100-CHIP BREAKER,end_mill,20,2,40,55,,4500,,10000,,,PEEK,Makino PS95,kb_data_xlsx_2026-05-22,36,0.6
713-187739-236,10,3,Face (Finishing),20MM CL40NL10-FL3-TL100-CHIP BREAKER,end_mill,20,2,40,55,,2000,,6000,,,PEEK,Makino PS95,kb_data_xlsx_2026-05-22,10,0.167
713-187739-236,10,4,Step (Finishing),10 MM X 35-2FL-CHIP BREAKER-END MILL,end_mill,10,2,35,40,,1000,,6000,,,PEEK,Makino PS95,kb_data_xlsx_2026-05-22,9,0.15
713-187739-236,10,5,Undercut (Finishing),12MM X60DEG DOVETAIL-FAP11481,dovetail,12,4,6,25,,400,,6000,,,PEEK,Makino PS95,kb_data_xlsx_2026-05-22,22,0.367
713-187739-236,10,6,Pocket (Finishing),C-RF-3 MM X 10-2FL-UNC-END MILL,end_mill,3,2,10,25,,600,,6000,,,PEEK,Makino PS95,kb_data_xlsx_2026-05-22,27,0.45
713-187739-236,20,1,Face (Roughing),C-RF-80 MM-45DEG LEAD-FACEMILL,face_mill,80,4,10,50,,800,,5000,,,PEEK,Doosan DNM5700,kb_data_xlsx_2026-05-22,33,0.55
713-187739-236,20,2,Face (Finishing),C-F-10 MM X 35-2FL-UNC-END MILL,end_mill,10,2,35,40,,600,,5500,,,PEEK,Doosan DNM5700,kb_data_xlsx_2026-05-22,6,0.1
713-187739-236,20,3,Drilled Hole (Roughing),C-RF-12 MM X 90 DEG-4FL-UNC-CHAMFER MILL,chamfer_mill,12,4,6,40,,300,,3500,,,PEEK,Doosan DNM5700,kb_data_xlsx_2026-05-22,2,0.033
713-187739-236,20,4,Drilled Hole (Finishing),9.6MMCARBIDE DRILLCL45TL90,drill,9.6,2,45,50,,200,,1000,,,PEEK,Doosan DNM5700,kb_data_xlsx_2026-05-22,11,0.183
713-187739-236,20,5,Drilled Hole (Finishing),9.6MMCARBIDE DRILLCL45TL90,drill,9.6,2,45,50,,200,,1000,,,PEEK,Doosan DNM5700,kb_data_xlsx_2026-05-22,19,0.317
713-187739-236,20,6,Boss (Roughing),20MM CL40NL10-FL3-TL100-CHIP BREAKER,end_mill,20,2,40,55,,4000,,10000,,,PEEK,Doosan DNM5700,kb_data_xlsx_2026-05-22,88,1.467
713-187739-236,20,7,Boss (Roughing),20MM CL40NL10-FL3-TL100-CHIP BREAKER,end_mill,20,2,40,55,,4000,,10000,,,PEEK,Doosan DNM5700,kb_data_xlsx_2026-05-22,56,0.933
713-187739-236,20,8,Boss (Roughing),20MM CL40NL10-FL3-TL100-CHIP BREAKER,end_mill,20,2,40,55,,4000,,10000,,,PEEK,Doosan DNM5700,kb_data_xlsx_2026-05-22,30,0.5
713-187739-236,20,9,Boss (Roughing),C-RF-10 MM X 35-2FL-UNC-END MILL,end_mill,10,2,35,40,,2000,,6000,,,PEEK,Doosan DNM5700,kb_data_xlsx_2026-05-22,18,0.3
713-187739-236,20,10,Boss (Roughing),C-RF-10 MM X 35-2FL-UNC-END MILL,end_mill,10,2,35,40,,2600,,10000,,,PEEK,Doosan DNM5700,kb_data_xlsx_2026-05-22,30,0.5
713-187739-236,20,11,Blind Hole (Roughing),C-RF-10 MM X 35-2FL-UNC-END MILL,end_mill,10,2,35,40,,800,,5000,,,PEEK,Doosan DNM5700,kb_data_xlsx_2026-05-22,17,0.283
713-187739-236,20,12,Face (Roughing),4 MM X 10-2FL-END MILL,end_mill,4,2,10,25,,2500,,10000,,,PEEK,Doosan DNM5700,kb_data_xlsx_2026-05-22,4,0.067
713-187739-236,20,13,Face (Roughing),C-RF-10 MM X 35-2FL-UNC-END MILL,end_mill,10,2,35,40,,2600,,10000,,,PEEK,Doosan DNM5700,kb_data_xlsx_2026-05-22,52,0.867
713-187739-236,20,14,Face (Roughing),12MM CL30-3FL-CHIP BREAKER ENDMILL,end_mill,12,3,30,55,,2600,,10000,,,PEEK,Doosan DNM5700,kb_data_xlsx_2026-05-22,39,0.65
713-187739-236,20,15,Pocket (Roughing),C-RF-10 MM X 35-2FL-UNC-END MILL,end_mill,10,2,35,40,,2000,,10000,,,PEEK,Doosan DNM5700,kb_data_xlsx_2026-05-22,7,0.117
713-187739-236,20,16,Pocket (Roughing),C-RF-10 MM X 35-2FL-UNC-END MILL,end_mill,10,2,35,40,,2000,,10000,,,PEEK,Doosan DNM5700,kb_data_xlsx_2026-05-22,30,0.5
713-187739-236,20,17,Blind Hole (Roughing),10 MM X 35-2FL-END MILL,end_mill,10,2,35,55,,900,,5000,,,PEEK,Doosan DNM5700,kb_data_xlsx_2026-05-22,28,0.467
713-187739-236,20,18,Pocket (Roughing),4 MM X 10-2FL-END MILL,end_mill,4,2,10,25,,2000,,10000,,,PEEK,Doosan DNM5700,kb_data_xlsx_2026-05-22,30,0.5
713-187739-236,20,19,Fillet (Finishing),C-RF-6 MM X 25-2FL-UNC-END MILL,end_mill,6,2,25,46,,500,,5000,,,PEEK,Doosan DNM5700,kb_data_xlsx_2026-05-22,123,2.05
713-187739-236,20,20,Fillet (Finishing),C-RF-6 MM X 25-2FL-UNC-END MILL,end_mill,6,2,25,46,,500,,5000,,,PEEK,Doosan DNM5700,kb_data_xlsx_2026-05-22,77,1.283
713-187739-236,20,21,Face (Finishing),10 MM X 35-2FL-FINISH-END MILL,end_mill,10,2,35,50,,600,,8000,,,PEEK,Doosan DNM5700,kb_data_xlsx_2026-05-22,76,1.267
713-187739-236,20,22,Face (Finishing),10 MM X 35-2FL-FINISH-END MILL,end_mill,10,2,35,50,,600,,8000,,,PEEK,Doosan DNM5700,kb_data_xlsx_2026-05-22,52,0.867
713-187739-236,20,23,Face (Finishing),10 MM X 35-2FL-FINISH-END MILL,end_mill,10,2,35,50,,600,,8000,,,PEEK,Doosan DNM5700,kb_data_xlsx_2026-05-22,76,1.267
713-187739-236,20,24,Face (Finishing),10 MM X 35-2FL-FINISH-END MILL,end_mill,10,2,35,50,,600,,8000,,,PEEK,Doosan DNM5700,kb_data_xlsx_2026-05-22,52,0.867
713-187739-236,20,25,Step (Finishing),10 MM X 35-2FL-FINISH-END MILL,end_mill,10,2,35,50,,900,,6000,,,PEEK,Doosan DNM5700,kb_data_xlsx_2026-05-22,9,0.15
713-187739-236,20,26,Step (Finishing),C-F-6 MM X 25-2FL-FULLERTON--END MILL,end_mill,6,2,25,35,,900,,6000,,,PEEK,Doosan DNM5700,kb_data_xlsx_2026-05-22,5,0.083
713-187739-236,20,27,Pocket (Finishing),4 MM X 10-2FLFINISH-END MILL,end_mill,4,2,10,25,,900,,6000,,,PEEK,Doosan DNM5700,kb_data_xlsx_2026-05-22,67,1.117
713-187739-236,20,28,Pocket (Finishing),4 MM X 10-2FLFINISH-END MILL,end_mill,4,2,10,25,,500,,6000,,,PEEK,Doosan DNM5700,kb_data_xlsx_2026-05-22,18,0.3
713-187739-236,20,29,Fillet (Finishing),4XR0.3-BULL MILL CL8 DURA,bull_mill,4,4,8,25,,600,,6000,,,PEEK,Doosan DNM5700,kb_data_xlsx_2026-05-22,4,0.067
713-187739-236,20,30,Pocket (Finishing),C-F-6 MM X 25-2FL-FULLERTON--END MILL,end_mill,6,2,25,35,,550,,8000,,,PEEK,Doosan DNM5700,kb_data_xlsx_2026-05-22,51,0.85
713-187739-236,20,31,Pocket (Finishing),C-F-6 MM X 25-2FL-FULLERTON--END MILL,end_mill,6,2,25,35,,550,,8000,,,PEEK,Doosan DNM5700,kb_data_xlsx_2026-05-22,51,0.85
713-187739-236,20,32,Pocket (Finishing),C-F-6 MM X 25-2FL-FULLERTON--END MILL,end_mill,6,2,25,35,,1000,,6000,,,PEEK,Doosan DNM5700,kb_data_xlsx_2026-05-22,12,0.2
713-187739-236,20,33,Pocket (Finishing),10xR1 MM X 25-4FL-BULL MILL-FAP00030,bull_mill,10,2,35,55,,1000,,6000,,,PEEK,Doosan DNM5700,kb_data_xlsx_2026-05-22,19,0.317
713-187739-236,20,34,Pocket (Finishing),10xR1 MM X 25-4FL-BULL MILL-FAP00030,bull_mill,10,2,35,55,,1000,,6000,,,PEEK,Doosan DNM5700,kb_data_xlsx_2026-05-22,20,0.333
713-187739-236,20,35,Through Hole (Finishing),10xR0.5-BULLMILL-CL25TL75-GET-4F,bull_mill,10,4,25,53,,900,,6000,,,PEEK,Doosan DNM5700,kb_data_xlsx_2026-05-22,25,0.417
713-187739-236,20,36,Fillet (Finishing),R0.5 -TIP 1.5 CORNERRADIUS TOOL 4MM- DURA-CCR04000050,radius_mill,1.5,4,0.5,30,,777,,5555,,,PEEK,Doosan DNM5700,kb_data_xlsx_2026-05-22,4,0.067
713-187739-236,20,37,Drilled Hole (Roughing),C-RF-12 MM X 90 DEG-4FL-UNC-CHAMFER MILL,chamfer_mill,12,4,6,40,,200,,3500,,,PEEK,Doosan DNM5700,kb_data_xlsx_2026-05-22,4,0.067
713-187739-236,20,38,Drilled Hole (Finishing),5.2MMCARBIDE DRILL CL25,drill,5.2,2,35,35,,150,,1200,,,PEEK,Doosan DNM5700,kb_data_xlsx_2026-05-22,13,0.217
713-187739-236,20,39,Thread (Finishing),M5X0.8 D3.9CL10ND2.7NL25 MYOOK THREAD MILL FULL PITCH,thread_mill,3.9,3,5,28,,150,,3000,,,PEEK,Doosan DNM5700,kb_data_xlsx_2026-05-22,92,1.533
713-187739-236,20,40,Chamfer (Finishing),C-RF-12 MM X 120 DEG-4FL-UNC- CHAMFER MILL,chamfer_mill,12,4,6,40,,100,,3500,,,PEEK,Doosan DNM5700,kb_data_xlsx_2026-05-22,404,6.733
713-187739-236,20,41,Chamfer (Finishing),C-F-3 MM X 90 DEG-2FL-UNC-CHAMFER MILL,chamfer_mill,3,2,5,25,,635,,6000,,,PEEK,Doosan DNM5700,kb_data_xlsx_2026-05-22,2,0.033
713-187739-236,20,42,Chamfer (Finishing),C-F-3 MM X 90 DEG-2FL-UNC-CHAMFER MILL,chamfer_mill,3,2,5,25,,1000,,6000,,,PEEK,Doosan DNM5700,kb_data_xlsx_2026-05-22,12,0.2
713-187739-236,20,43,Chamfer (Finishing),C-F-3 MM X 90 DEG-2FL-UNC-CHAMFER MILL,chamfer_mill,3,2,5,25,,1000,,6000,,,PEEK,Doosan DNM5700,kb_data_xlsx_2026-05-22,14,0.233
713-187739-236,20,44,Through Hole (Roughing),6 MMx90 DEG-2FL- SPOT DRILL,drill,6,2,20,55,,100,,4000,,,PEEK,Doosan DNM5700,kb_data_xlsx_2026-05-22,4,0.067
713-187739-236,20,45,Through Hole (Roughing),5MM CARBIDE DRILL LONG,drill,5,2,70,70,,100,,1400,,,PEEK,Doosan DNM5700,kb_data_xlsx_2026-05-22,12,0.2
713-187739-236,20,46,Through Hole (Roughing),3MM NL40-UNION TOOL SH 6MM,ball_mill,3,4,5,64,,400,,4500,,,PEEK,Doosan DNM5700,kb_data_xlsx_2026-05-22,83,1.383
713-187739-236,20,47,Through Hole (Roughing),3MM NL40-UNION TOOL SH 6MM,ball_mill,3,4,5,64,,300,,4500,,,PEEK,Doosan DNM5700,kb_data_xlsx_2026-05-22,128,2.133
713-187739-236,20,48,Drilled Hole (Roughing),C-RF-12 MM X 90 DEG-4FL-UNC-CHAMFER MILL,chamfer_mill,12,4,6,40,,200,,3500,,,PEEK,Doosan DNM5700,kb_data_xlsx_2026-05-22,1,0.017
713-187739-236,20,49,Drilled Hole (Finishing),4.2MM CARBIDE DRILL,drill,4.2,2,35,35,,150,,1200,,,PEEK,Doosan DNM5700,kb_data_xlsx_2026-05-22,8,0.133
713-187739-236,20,50,Thread (Finishing),M5X0.8 D3.9CL10ND2.7NL25 MYOOK THREAD MILL FULL PITCH,thread_mill,3.9,3,5,28,,150,,3000,,,PEEK,Doosan DNM5700,kb_data_xlsx_2026-05-22,31,0.517
713-187739-236,20,51,,P-RF-0.8 MM X 2-2FL-UNC-BALL MILL,ball_mill,0.8,2,2,20,,200,,6000,,,PEEK,Doosan DNM5700,kb_data_xlsx_2026-05-22,31,0.517
713-187739-236,20,52,,C-F-6 MM X 25-2FL-FULLERTON--END MILL,end_mill,6,2,25,35,,1500,,6000,,,PEEK,Doosan DNM5700,kb_data_xlsx_2026-05-22,1,0.017
713-187739-236,20,53,Debur (Finishing),4XR0.3-BULL MILL CL8 DURA,bull_mill,4,4,8,25,,1500,,12000,,,PEEK,Doosan DNM5700,kb_data_xlsx_2026-05-22,41,0.683
713-187739-236,30,1,Face (Roughing),12 MM X CL30-3FL-CHIP BREAKER-END MILL,end_mill,12,3,30,55,,2400,,8000,,,PEEK,Doosan DNM5700,kb_data_xlsx_2026-05-22,18,0.3
713-187739-236,30,2,Face (Finishing),C-F-6 MM X 25-2FL-FULLERTON-END MILL- FINISH,end_mill,6,2,25,35,,600,,6000,,,PEEK,Doosan DNM5700,kb_data_xlsx_2026-05-22,14,0.233
713-187739-236,30,3,Face (Roughing),12 MM X CL30-3FL-CHIP BREAKER-END MILL,end_mill,12,3,30,55,,2600,,10000,,,PEEK,Doosan DNM5700,kb_data_xlsx_2026-05-22,107,1.783
713-187739-236,30,4,Face (Roughing),12 MM X CL30-3FL-CHIP BREAKER-END MILL,end_mill,12,3,30,55,,2300,,10000,,,PEEK,Doosan DNM5700,kb_data_xlsx_2026-05-22,34,0.567
713-187739-236,30,5,Face (Roughing),12 MM X CL30-3FL-CHIP BREAKER-END MILL,end_mill,12,3,30,55,,2700,,10000,,,PEEK,Doosan DNM5700,kb_data_xlsx_2026-05-22,13,0.217
713-187739-236,30,6,Face (Roughing),C-RF-6 MM X 25-2FL-UNC-END MILL,end_mill,6,2,25,35,,900,,6000,,,PEEK,Doosan DNM5700,kb_data_xlsx_2026-05-22,10,0.167
713-187739-236,30,7,Face (Roughing),C-RF-6 MM X 25-2FL-UNC-END MILL,end_mill,6,2,25,35,,1000,,6000,,,PEEK,Doosan DNM5700,kb_data_xlsx_2026-05-22,38,0.633
713-187739-236,30,8,Pocket (Roughing),12 MM X CL30-3FL-CHIP BREAKER-END MILL,end_mill,12,3,30,55,,2600,,10000,,,PEEK,Doosan DNM5700,kb_data_xlsx_2026-05-22,47,0.783
713-187739-236,30,9,Pocket (Finishing),12 MM X CL30-3FL-CHIP BREAKER-END MILL,end_mill,12,3,30,55,,2700,,10000,,,PEEK,Doosan DNM5700,kb_data_xlsx_2026-05-22,76,1.267
713-187739-236,30,10,Pocket (Finishing),10xR0.5-BULLMILL-CL25TL75-GET-4F,bull_mill,10,4,25,53,,2500,,10000,,,PEEK,Doosan DNM5700,kb_data_xlsx_2026-05-22,332,5.533
713-187739-236,30,11,Pocket (Finishing),C-F-12 MM X 55-2FL-UNC-END MILL,end_mill,12,2,55,70,,500,,5000,,,PEEK,Doosan DNM5700,kb_data_xlsx_2026-05-22,21,0.35
713-187739-236,30,12,Pocket (Finishing),C-RF-3 MM X 10-2FL-UNC-END MILL,end_mill,3,2,10,30,,500,,5000,,,PEEK,Doosan DNM5700,kb_data_xlsx_2026-05-22,7,0.117
713-187739-236,30,13,Pocket (Roughing),C-RF-6 MM X 25-2FL-UNC-END MILL,end_mill,6,2,25,35,,1000,,6000,,,PEEK,Doosan DNM5700,kb_data_xlsx_2026-05-22,42,0.7
713-187739-236,30,14,Pocket (Roughing),C-RF-6 MM X 25-2FL-UNC-END MILL,end_mill,6,2,25,35,,1000,,6000,,,PEEK,Doosan DNM5700,kb_data_xlsx_2026-05-22,17,0.283
713-187739-236,30,15,Fillet (Roughing),C-RF-6 MM X 25-2FL-UNC-END MILL,end_mill,6,2,25,35,,1000,,6000,,,PEEK,Doosan DNM5700,kb_data_xlsx_2026-05-22,8,0.133
713-187739-236,30,16,Fillet (Finishing),C-RF-6 MM X 25-2FL-UNC-END MILL,end_mill,6,2,25,35,,1000,,6000,,,PEEK,Doosan DNM5700,kb_data_xlsx_2026-05-22,9,0.15
713-187739-236,30,17,Pocket (Finishing),C-F-6 MM X 25-2FL-FULLERTON-END MILL- FINISH,end_mill,6,2,25,35,,600,,5000,,,PEEK,Doosan DNM5700,kb_data_xlsx_2026-05-22,71,1.183
713-187739-236,30,18,Pocket (Finishing),C-F-6 MM X 25-2FL-FULLERTON-END MILL- FINISH,end_mill,6,2,25,35,,500,,5000,,,PEEK,Doosan DNM5700,kb_data_xlsx_2026-05-22,34,0.567
713-187739-236,30,19,Pocket (Finishing),C-F-6 MM X 25-2FL-FULLERTON-END MILL- FINISH,end_mill,6,2,25,35,,400,,5000,,,PEEK,Doosan DNM5700,kb_data_xlsx_2026-05-22,19,0.317
713-187739-236,30,20,Pocket (Finishing),C-F-6 MM X 25-2FL-FULLERTON-END MILL- FINISH,end_mill,6,2,25,35,,500,,5000,,,PEEK,Doosan DNM5700,kb_data_xlsx_2026-05-22,45,0.75
713-187739-236,30,21,Pocket (Finishing),C-F-6 MM X 25-2FL-FULLERTON-END MILL- FINISH,end_mill,6,2,25,35,,600,,5000,,,PEEK,Doosan DNM5700,kb_data_xlsx_2026-05-22,9,0.15
713-187739-236,30,22,Pocket (Finishing),C-F-6 MM X 25-2FL-FULLERTON-END MILL- FINISH,end_mill,6,2,25,35,,600,,5000,,,PEEK,Doosan DNM5700,kb_data_xlsx_2026-05-22,6,0.1
713-187739-236,30,23,Fillet (Finishing),6xR1 MM X 25-4FL-BULL MILL-,bull_mill,6,4,25,50,,600,,6000,,,PEEK,Doosan DNM5700,kb_data_xlsx_2026-05-22,10,0.167
713-187739-236,30,24,Fillet (Finishing),6xR1 MM X 25-4FL-BULL MILL-,bull_mill,6,4,25,50,,600,,6000,,,PEEK,Doosan DNM5700,kb_data_xlsx_2026-05-22,3,0.05
713-187739-236,30,25,Through Hole (Roughing),C-RF-6 MM X 25-2FL-UNC-END MILL,end_mill,6,2,25,35,,200,,6000,,,PEEK,Doosan DNM5700,kb_data_xlsx_2026-05-22,48,0.8
713-187739-236,30,26,Through Hole (Finishing),C-F-6 MM X 25-2FL-FULLERTON-END MILL- FINISH,end_mill,6,2,25,35,,200,,4500,,,PEEK,Doosan DNM5700,kb_data_xlsx_2026-05-22,11,0.183
713-187739-236,30,27,Through Hole (Roughing),C-RF-3 MM X 10-2FL-UNC-END MILL,end_mill,3,2,10,30,,600,,5000,,,PEEK,Doosan DNM5700,kb_data_xlsx_2026-05-22,27,0.45
713-187739-236,30,28,Through Hole (Finishing),C-RF-3 MM X 10-2FL-UNC-END MILL,end_mill,3,2,10,30,,400,,4500,,,PEEK,Doosan DNM5700,kb_data_xlsx_2026-05-22,15,0.25
713-187739-236,30,29,Blind Hole (Finishing),C-RF-3 MM X 10-2FL-UNC-END MILL,end_mill,3,2,10,30,,600,,5000,,,PEEK,Doosan DNM5700,kb_data_xlsx_2026-05-22,2,0.033
713-187739-236,30,30,Blind Hole (Finishing),R0.5 -TIP 1.5 CORNERRADIUS TOOL 4MM- DURA-CCR04000050,radius_mill,1.5,4,0.5,30,,600,,6000,,,PEEK,Doosan DNM5700,kb_data_xlsx_2026-05-22,1,0.017
713-187739-236,30,31,Chamfer (Finishing),4 MM X 50 DEG-FULL-CHAMFER MILL- FAP11390-DURA,chamfer_mill,4,2,6,25,,400,,6000,,,PEEK,Doosan DNM5700,kb_data_xlsx_2026-05-22,15,0.25
713-187739-236,30,32,Chamfer (Finishing),C-F-3 MM X 90 DEG-2FL-UNC-CHAMFER MILL,chamfer_mill,3,2,5,25,,800,,6000,,,PEEK,Doosan DNM5700,kb_data_xlsx_2026-05-22,5,0.083
713-187739-236,30,33,Chamfer (Finishing),C-F-3 MM X 90 DEG-2FL-UNC-CHAMFER MILL,chamfer_mill,3,2,5,25,,800,,6000,,,PEEK,Doosan DNM5700,kb_data_xlsx_2026-05-22,10,0.167
713-187739-236,30,34,Pocket (Roughing),1.5MM -NL20 LONG NECK END MILL-GET,end_mill,1.5,2,8,28,,300,,7000,,,PEEK,Doosan DNM5700,kb_data_xlsx_2026-05-22,24,0.4
713-187739-236,30,35,Blind Hole (Roughing),3 MM END MILL,end_mill,3,2,8,25,,600,,5000,,,PEEK,Doosan DNM5700,kb_data_xlsx_2026-05-22,25,0.417
713-187739-236,30,36,Blind Hole (Finishing),3 MM END MILL,end_mill,3,2,8,25,,400,,4500,,,PEEK,Doosan DNM5700,kb_data_xlsx_2026-05-22,32,0.533
713-187739-236,30,37,Pocket (Roughing),2 MM END MILL,end_mill,2,2,8,28,,300,,7000,,,PEEK,Doosan DNM5700,kb_data_xlsx_2026-05-22,40,0.667
713-187739-236,30,38,Pocket (Finishing),1.5MM -NL20 LONG NECK END MILL-GET,end_mill,1.5,2,8,28,,200,,7000,,,PEEK,Doosan DNM5700,kb_data_xlsx_2026-05-22,91,1.517
713-187739-236,30,39,Fillet (Finishing),C-RF-6 MM X 25-2FL-UNC-END MILL,end_mill,6,2,25,35,,500,,6000,,,PEEK,Doosan DNM5700,kb_data_xlsx_2026-05-22,2,0.033
713-187739-236,30,40,Fillet (Finishing),3MM X 10-2F-BALL NOSE,ball_mill,3,2,10,30,,3000,,12000,,,PEEK,Doosan DNM5700,kb_data_xlsx_2026-05-22,68,1.133
713-187739-236,30,41,Fillet (Finishing),3MM X 10-2F-BALL NOSE,ball_mill,3,2,10,30,,2000,,12000,,,PEEK,Doosan DNM5700,kb_data_xlsx_2026-05-22,10,0.167
0021-53926,10,1,Face (Finishing),10mm FLAT ENDMILL ALLIED 2F,end_mill,10,2,20,40,,580,,3500,,,PEEK,Fanuc Robodrill L T21iFLb,kb_data_xlsx_2026-05-22,354,5.9
0021-53926,10,2,Face (Finishing),10mm FLAT ENDMILL ALLIED 2F,end_mill,10,2,20,40,,500,,3000,,,PEEK,Fanuc Robodrill L T21iFLb,kb_data_xlsx_2026-05-22,25,0.417
0021-53926,10,3,Step (Finishing),12mm FLAT ENDMILL ALLIED 2F,end_mill,12,2,25,45,,500,,3000,,,PEEK,Fanuc Robodrill L T21iFLb,kb_data_xlsx_2026-05-22,757,12.617
0021-53926,10,4,Step (Finishing),10mm FLAT ENDMILL ALLIED 2F,end_mill,10,2,20,40,,500,,3000,,,PEEK,Fanuc Robodrill L T21iFLb,kb_data_xlsx_2026-05-22,194,3.233
0021-53926,10,5,Step (Finishing),10mm FLAT ENDMILL ALLIED 2F,end_mill,10,2,20,40,,500,,3000,,,PEEK,Fanuc Robodrill L T21iFLb,kb_data_xlsx_2026-05-22,103,1.717
0021-53926,10,6,Pocket (Finishing),3mm FLAT ENDMILL ALLIED 2F,end_mill,3,2,8,25.4,,50,,1500,,,PEEK,Fanuc Robodrill L T21iFLb,kb_data_xlsx_2026-05-22,35,0.583
0021-53926,10,7,Pocket (Finishing),3mm FLAT ENDMILL ALLIED 2F,end_mill,3,2,8,25.4,,200,,5000,,,PEEK,Fanuc Robodrill L T21iFLb,kb_data_xlsx_2026-05-22,274,4.567
0021-53926,20,1,Face (Roughing),12mm FLAT ENDMILL ALLIED 2F,end_mill,12,2,25,45,,800,,4000,,,PEEK,Fanuc Robodrill L T21iFLb,kb_data_xlsx_2026-05-22,477,7.95
0021-53926,20,2,Pocket (Roughing),6mm FLAT ENDMILL ALLIED 2F,end_mill,6,2,25,30,,1600,,6000,,,PEEK,Fanuc Robodrill L T21iFLb,kb_data_xlsx_2026-05-22,1598,26.633
0021-53926,20,3,Face (Roughing),10mm FLAT ENDMILL ALLIED 2F,end_mill,10,2,20,40,,500,,3000,,,PEEK,Fanuc Robodrill L T21iFLb,kb_data_xlsx_2026-05-22,305,5.083
0021-53926,20,4,Pocket (Finishing),6MM ENDMILL-CL25-FINISHING -2F,end_mill,6,2,25,35,,1000,,6000,,,PEEK,Fanuc Robodrill L T21iFLb,kb_data_xlsx_2026-05-22,557,9.283
0021-53926,20,5,Pocket (Finishing),6MM ENDMILL-CL25-FINISHING -2F,end_mill,6,2,25,35,,1000,,6000,,,PEEK,Fanuc Robodrill L T21iFLb,kb_data_xlsx_2026-05-22,104,1.733
0021-53926,20,6,Face (Finishing),C-F-10 MM X 35-2FL-UNC-END MILL- ONSRUD-PCL590167,end_mill,10,2,35,40,,500,,3000,,,PEEK,Fanuc Robodrill L T21iFLb,kb_data_xlsx_2026-05-22,102,1.7
0021-53926,20,7,Pocket (Roughing),45 DEG SPECIAL TOOL SHK DIA 16,dovetail,16,4,19.273,57.82,,1000,,2500,,,PEEK,Fanuc Robodrill L T21iFLb,kb_data_xlsx_2026-05-22,66,1.1
0021-53926,20,8,Pocket (Roughing),45 DEG SPECIAL TOOL SHK DIA 16,dovetail,16,4,19.273,57.82,,1000,,2500,,,PEEK,Fanuc Robodrill L T21iFLb,kb_data_xlsx_2026-05-22,64,1.067
0021-53926,20,9,Face (Finishing),C-F-10 MM X 35-2FL-UNC-END MILL- ONSRUD-PCL590167,end_mill,10,2,35,40,,800,,4000,,,PEEK,Fanuc Robodrill L T21iFLb,kb_data_xlsx_2026-05-22,60,1.0
0021-53926,20,10,Chamfer (Finishing),12mm SPOTDRILL 90 DEG DURA,drill,12,2,6,50.8,,800,,4000,,,PEEK,Fanuc Robodrill L T21iFLb,kb_data_xlsx_2026-05-22,53,0.883
0021-53926,30,1,Step (Roughing),12mm FLAT ENDMILL ALLIED 2F,end_mill,12,2,25,45,,500,,3000,,,PEEK,Fanuc Robodrill L T21iFLb,kb_data_xlsx_2026-05-22,553,9.217
0021-53926,30,2,Step (Roughing),6mm FLAT ENDMILL ALLIED 2F,end_mill,6,2,25,30,,500,,6000,,,PEEK,Fanuc Robodrill L T21iFLb,kb_data_xlsx_2026-05-22,295,4.917
0021-53926,30,3,Step (Finishing),6MM ENDMILL-CL25-FINISHING -2F,end_mill,6,2,25,35,,500,,6000,,,PEEK,Fanuc Robodrill L T21iFLb,kb_data_xlsx_2026-05-22,14,0.233
0021-53926,30,4,Pocket (Finishing),3mm FLAT ENDMILL ALLIED 2F,end_mill,3,2,8,25.4,,200,,5000,,,PEEK,Fanuc Robodrill L T21iFLb,kb_data_xlsx_2026-05-22,116,1.933
0021-53926,30,5,Drilled Hole (Roughing),12mm SPOTDRILL 90 DEG DURA,drill,12,2,6,50.8,,400,,4000,,,PEEK,Fanuc Robodrill L T21iFLb,kb_data_xlsx_2026-05-22,0,0.0
0021-53926,30,6,Drilled Hole (Finishing),DIA 4.3 SOLID CARBIDE DRILL,drill,4.3,2,44,55,,200,,2000,,,PEEK,Fanuc Robodrill L T21iFLb,kb_data_xlsx_2026-05-22,2,0.033
0021-53926,30,7,Thread (Finishing),C-RF-M5 X 0.8-12 PITCH-D3.9-NL25-UNC- THREAD MILL-MYOOK,thread_mill,3.9,3,10,25,,225,,3000,,,PEEK,Fanuc Robodrill L T21iFLb,kb_data_xlsx_2026-05-22,5,0.083
0021-53926,40,1,Pocket (Roughing),6mm FLAT ENDMILL ALLIED 2F,end_mill,6,2,25,30,,500,,6400,,,PEEK,Fanuc Robodrill L T21iFLb,kb_data_xlsx_2026-05-22,451,7.517
0021-53926,40,2,Pocket (Finishing),6MM ENDMILL-CL25-FINISHING -2F,end_mill,6,2,25,35,,300,,6400,,,PEEK,Fanuc Robodrill L T21iFLb,kb_data_xlsx_2026-05-22,999,16.65
0021-53926,40,3,Pocket (Finishing),6MM ENDMILL-CL25-FINISHING -2F,end_mill,6,2,25,35,,300,,6400,,,PEEK,Fanuc Robodrill L T21iFLb,kb_data_xlsx_2026-05-22,359,5.983
0021-53926,40,4,Pocket (Finishing),45 DEG SPECIAL TOOL SHK DIA 16,dovetail,16,4,19.273,57.82,,900,,2300,,,PEEK,Fanuc Robodrill L T21iFLb,kb_data_xlsx_2026-05-22,48,0.8
0021-53926,40,5,Pocket (Finishing),45 DEG SPECIAL TOOL SHK DIA 16,dovetail,16,4,19.273,57.82,,900,,2300,,,PEEK,Fanuc Robodrill L T21iFLb,kb_data_xlsx_2026-05-22,48,0.8
0021-53926,40,6,Pocket (Finishing),45 DEG SPECIAL TOOL SHK DIA 16,dovetail,16,4,19.273,57.82,,900,,2300,,,PEEK,Fanuc Robodrill L T21iFLb,kb_data_xlsx_2026-05-22,46,0.767
0021-53926,40,7,Pocket (Finishing),45 DEG SPECIAL TOOL SHK DIA 16,dovetail,16,4,19.273,57.82,,900,,2300,,,PEEK,Fanuc Robodrill L T21iFLb,kb_data_xlsx_2026-05-22,46,0.767
0021-53926,40,8,Pocket (Finishing),6MM ENDMILL-CL25-FINISHING -2F,end_mill,6,2,25,35,,300,,6400,,,PEEK,Fanuc Robodrill L T21iFLb,kb_data_xlsx_2026-05-22,155,2.583
0021-53926,40,9,Chamfer (Finishing),12mm SPOTDRILL 90 DEG DURA,drill,12,2,6,50.8,,800,,4000,,,PEEK,Fanuc Robodrill L T21iFLb,kb_data_xlsx_2026-05-22,26,0.433
0021-53926,40,10,Chamfer (Finishing),12mm SPOTDRILL 90 DEG DURA,drill,12,2,6,50.8,,800,,4000,,,PEEK,Fanuc Robodrill L T21iFLb,kb_data_xlsx_2026-05-22,30,0.5
0021-53926,40,11,Chamfer (Finishing),3mm CHAMFERMILL 90 DEG DURA,chamfer_mill,3,2,1.5,30.5,,1000,,8000,,,PEEK,Fanuc Robodrill L T21iFLb,kb_data_xlsx_2026-05-22,39,0.65
0021-53926,40,12,Chamfer (Finishing),3mm CHAMFERMILL 90 DEG DURA,chamfer_mill,3,2,1.5,30.5,,800,,8000,,,PEEK,Fanuc Robodrill L T21iFLb,kb_data_xlsx_2026-05-22,5,0.083
0021-53926,40,13,Chamfer (Finishing),3mm CHAMFERMILL 90 DEG DURA,chamfer_mill,3,2,1.5,30.5,,800,,8000,,,PEEK,Fanuc Robodrill L T21iFLb,kb_data_xlsx_2026-05-22,13,0.217
0021-53926,40,14,Chamfer (Finishing),3mm CHAMFERMILL 90 DEG DURA,chamfer_mill,3,2,1.5,30.5,,500,,8000,,,PEEK,Fanuc Robodrill L T21iFLb,kb_data_xlsx_2026-05-22,14,0.233
0021-53926,50,1,Step (Roughing),6mm FLAT ENDMILL ALLIED 2F,end_mill,6,2,25,30,,500,,6400,,,PEEK,Fanuc Robodrill L T21iFLb,kb_data_xlsx_2026-05-22,584,9.733
0021-53926,50,2,Step (Finishing),6MM ENDMILL-CL25-FINISHING -2F,end_mill,6,2,25,35,,300,,6400,,,PEEK,Fanuc Robodrill L T21iFLb,kb_data_xlsx_2026-05-22,938,15.633
0021-53926,50,3,Step (Finishing),6MM ENDMILL-CL25-FINISHING -2F,end_mill,6,2,25,35,,300,,6400,,,PEEK,Fanuc Robodrill L T21iFLb,kb_data_xlsx_2026-05-22,221,3.683
0021-53926,50,4,Step (Finishing),12 DegTapered Endmill,end_mill,5.5,4,15.29,50,,500,,3000,,,PEEK,Fanuc Robodrill L T21iFLb,kb_data_xlsx_2026-05-22,91,1.517
0021-53926,50,5,Step (Finishing),C-F-10 MM X 35-2FL-UNC-END MILL- ONSRUD-PCL590167,end_mill,10,2,35,40,,500,,3000,,,PEEK,Fanuc Robodrill L T21iFLb,kb_data_xlsx_2026-05-22,115,1.917
0021-53926,50,6,Chamfer (Finishing),12mm SPOTDRILL 90 DEG DURA,drill,12,2,6,50.8,,800,,4000,,,PEEK,Fanuc Robodrill L T21iFLb,kb_data_xlsx_2026-05-22,25,0.417
0021-53926,50,7,Chamfer (Finishing),3mm CHAMFERMILL 90 DEG DURA,chamfer_mill,3,2,1.5,30.5,,500,,8000,,,PEEK,Fanuc Robodrill L T21iFLb,kb_data_xlsx_2026-05-22,11,0.183
0021-53926,50,8,Chamfer (Finishing),3mm CHAMFERMILL 90 DEG DURA,chamfer_mill,3,2,1.5,30.5,,500,,8000,,,PEEK,Fanuc Robodrill L T21iFLb,kb_data_xlsx_2026-05-22,14,0.233
0021-53926,50,9,Chamfer (Finishing),3mm CHAMFERMILL 90 DEG DURA,chamfer_mill,3,2,1.5,30.5,,500,,8000,,,PEEK,Fanuc Robodrill L T21iFLb,kb_data_xlsx_2026-05-22,8,0.133
0021-53926,50,10,Chamfer (Finishing),3mm CHAMFERMILL 90 DEG DURA,chamfer_mill,3,2,1.5,30.5,,500,,8000,,,PEEK,Fanuc Robodrill L T21iFLb,kb_data_xlsx_2026-05-22,9,0.15
0022-09112,10,1,Face (Finishing),50mm FACEMILL MITSUBISHI 4F,face_mill,50,4,17,50,,400,,4500,,,PEEK,Fanuc Robodrill L T21iFLb,kb_data_xlsx_2026-05-22,546,9.1
0022-09112,10,2,Boss (Roughing),6mm FLAT ENDMILL ALLIED 2F,end_mill,6,2,25,30,,700,,4500,,,PEEK,Fanuc Robodrill L T21iFLb,kb_data_xlsx_2026-05-22,105,1.75
0022-09112,10,3,Boss (Finishing),6MM ENDMILL-CL25-F-ONSRUD-2F,end_mill,6,2,25,35,,400,,6000,,,PEEK,Fanuc Robodrill L T21iFLb,kb_data_xlsx_2026-05-22,109,1.817
0022-09112,10,4,Chamfer (Finishing),3MM SPOTDRILL,drill,3,2,1.5,30,,500,,4000,,,PEEK,Fanuc Robodrill L T21iFLb,kb_data_xlsx_2026-05-22,27,0.45
0042-15176,10,2,Face (Roughing),50MM FACEMILL MITSUBISHI,face_mill,45,4,4,40,,600,,3000,,,PEEK,Fanuc Robodrill L T21iFLb,kb_data_xlsx_2026-05-22,408,6.8
0042-15176,10,3,Face (Finishing),Helicopter Fly Cutter,face_mill,150,4,5,50,,100,,500,,,PEEK,Fanuc Robodrill L T21iFLb,kb_data_xlsx_2026-05-22,799,13.317
0042-15176,10,5,Face (Roughing),50MM FACEMILL MITSUBISHI,face_mill,45,4,4,40,,600,,3000,,,PEEK,Fanuc Robodrill L T21iFLb,kb_data_xlsx_2026-05-22,408,6.8
0042-15176,10,6,Face (Finishing),Helicopter Fly Cutter,face_mill,150,4,5,50,,100,,500,,,PEEK,Fanuc Robodrill L T21iFLb,kb_data_xlsx_2026-05-22,799,13.317
0042-15176,20,1,Step (Roughing),3MM FLAT ENDMILL 2F,end_mill,3,2,8,25.4,,1000,,8000,,,PEEK,Fanuc Robodrill L T21iFLb,kb_data_xlsx_2026-05-22,29,0.483
0042-15176,20,2,Boss (Roughing),Dia 1.5MM E/M 1.5 X 4.5 X 4 X 50,end_mill,1.5,4,4.5,30,,600,,8000,,,PEEK,Fanuc Robodrill L T21iFLb,kb_data_xlsx_2026-05-22,183,3.05
0042-15176,20,3,Step (Finishing),Dia 3MM EM Coated - Dura,end_mill,3,2,8,25.4,,1000,,8000,,,PEEK,Fanuc Robodrill L T21iFLb,kb_data_xlsx_2026-05-22,29,0.483
0042-15176,20,4,Fillet (Finishing),Shank Dia4 Tip Dia1.5 R0.5- Corner Radius Cutter,radius_mill,1.5,4,0.5,25,,1500,,10000,,,PEEK,Fanuc Robodrill L T21iFLb,kb_data_xlsx_2026-05-22,76,1.267
0042-15176,20,5,Drilled Hole (Roughing),3MM CHAMFERMILL 90 DEG 2F,chamfer_mill,3,2,1.5,30.5,,100,,3000,,,PEEK,Fanuc Robodrill L T21iFLb,kb_data_xlsx_2026-05-22,2,0.033
0042-15176,20,6,Drilled Hole (Finishing),Dia 2.1mm Drill,drill,2.1,2,11,17.3,,100,,3000,,,PEEK,Fanuc Robodrill L T21iFLb,kb_data_xlsx_2026-05-22,8,0.133
0042-15176,20,7,Boss (Roughing),10MM FLAT ENDMILL 2F,end_mill,10,2,20,40,,1000,,6000,,,PEEK,Fanuc Robodrill L T21iFLb,kb_data_xlsx_2026-05-22,343,5.717
0042-15176,20,8,Boss (Finishing),10MM FLAT ENDMILL 2F,end_mill,10,2,20,40,,1000,,6000,,,PEEK,Fanuc Robodrill L T21iFLb,kb_data_xlsx_2026-05-22,70,1.167
0042-15176,30,1,Drilled Hole (Roughing),12MM SPOTDRILL 90 DEG 2F,drill,12,2,6,50.8,,100,,3000,,,PEEK,Fanuc Robodrill L T21iFLb,kb_data_xlsx_2026-05-22,31,0.517
0042-15176,30,2,Drilled Hole (Finishing),Dia 3.8mm Drill,drill,3.8,2,19,30.4,,100,,3000,,,PEEK,Fanuc Robodrill L T21iFLb,kb_data_xlsx_2026-05-22,92,1.533
0042-15176,30,3,Thread (Finishing),10-24 UNC Spiral Tap With Bottum Flat,tap,4.826,2,25,50,,264.604,,250,,,PEEK,Fanuc Robodrill L T21iFLb,kb_data_xlsx_2026-05-22,33,0.55
0042-15176,30,4,Pocket (Roughing),6MM FLAT ENDMILL 2F,end_mill,6,2,20,30,,800,,6000,,,PEEK,Fanuc Robodrill L T21iFLb,kb_data_xlsx_2026-05-22,709,11.817
0042-15176,30,5,Blind Hole (Roughing),6MM FLAT ENDMILL 2F,end_mill,6,2,20,30,,800,,6000,,,PEEK,Fanuc Robodrill L T21iFLb,kb_data_xlsx_2026-05-22,108,1.8
0042-15176,30,6,Blind Hole (Roughing),6MM FLAT ENDMILL 2F,end_mill,6,2,20,30,,800,,6000,,,PEEK,Fanuc Robodrill L T21iFLb,kb_data_xlsx_2026-05-22,429,7.15
0042-15176,30,8,Face (Finishing),Dia 6mm EM Coated- Dura,end_mill,6,4,16,30,,200,,4000,,,PEEK,Fanuc Robodrill L T21iFLb,kb_data_xlsx_2026-05-22,462,7.7
0042-15176,30,9,Pocket (Finishing),Dia 6mm EM Coated- Dura,end_mill,6,4,16,30,,500,,6000,,,PEEK,Fanuc Robodrill L T21iFLb,kb_data_xlsx_2026-05-22,7,0.117
0042-15176,30,10,Pocket (Finishing),Dia 6mm EM Coated- Dura,end_mill,6,4,16,30,,500,,6000,,,PEEK,Fanuc Robodrill L T21iFLb,kb_data_xlsx_2026-05-22,31,0.517
0042-15176,30,11,Blind Hole (Finishing),Dia 6mm EM Coated- Dura,end_mill,6,4,16,30,,600,,6000,,,PEEK,Fanuc Robodrill L T21iFLb,kb_data_xlsx_2026-05-22,369,6.15
0042-15176,30,12,Blind Hole (Finishing),Dia 6mm EM Coated- Dura,end_mill,6,4,16,30,,600,,6000,,,PEEK,Fanuc Robodrill L T21iFLb,kb_data_xlsx_2026-05-22,73,1.217
0042-15176,30,13,Boss (Finishing),Dia 6mm EM Coated- Dura,end_mill,6,4,16,30,,600,,6000,,,PEEK,Fanuc Robodrill L T21iFLb,kb_data_xlsx_2026-05-22,490,8.167
0042-15176,30,15,Undercut (Finishing),3MM FLAT ENDMILL 2F,end_mill,3,2,8,25.4,,500,,8000,,,PEEK,Fanuc Robodrill L T21iFLb,kb_data_xlsx_2026-05-22,2,0.033
0042-15176,30,16,Drilled Hole (Roughing),3MM FLAT ENDMILL 2F,end_mill,3,2,8,25.4,,100,,3000,,,PEEK,Fanuc Robodrill L T21iFLb,kb_data_xlsx_2026-05-22,5,0.083
0042-15176,30,17,Through Hole (Roughing),3MM FLAT ENDMILL 2F,end_mill,3,2,8,25.4,,200,,5000,,,PEEK,Fanuc Robodrill L T21iFLb,kb_data_xlsx_2026-05-22,15,0.25
0042-15176,30,18,Through Hole (Finishing),Dia 4.74mm[+0.005] Reamer-Dura,end_mill,4.74,6,20,30,,150,,1000,,,PEEK,Fanuc Robodrill L T21iFLb,kb_data_xlsx_2026-05-22,3,0.05
0042-15176,30,19,Undercut (Finishing),FAP11317 Dovetail,dovetail,4.235,4,1.4,30,,300,,6000,,,PEEK,Fanuc Robodrill L T21iFLb,kb_data_xlsx_2026-05-22,3,0.05
0042-15176,30,20,Boss (Roughing),3MM FLAT ENDMILL 2F,end_mill,3,2,8,25.4,,600,,8000,,,PEEK,Fanuc Robodrill L T21iFLb,kb_data_xlsx_2026-05-22,614,10.233
0042-15176,30,21,Fillet (Finishing),Shank Dia4 Tip Dia1.5 R0.5-Corner Radius Cutter,radius_mill,1.5,4,0.5,25,,1000,,6000,,,PEEK,Fanuc Robodrill L T21iFLb,kb_data_xlsx_2026-05-22,93,1.55
0042-15176,30,22,Fillet (Finishing),Shank Dia4 Tip Dia1.5 R0.5-Corner Radius Cutter,radius_mill,1.5,4,0.5,25,,1000,,6000,,,PEEK,Fanuc Robodrill L T21iFLb,kb_data_xlsx_2026-05-22,45,0.75
0042-15176,30,23,Fillet (Finishing),Shank Dia4 Tip Dia1.5 R0.5-Corner Radius Cutter,radius_mill,1.5,4,0.5,25,,1000,,6000,,,PEEK,Fanuc Robodrill L T21iFLb,kb_data_xlsx_2026-05-22,93,1.55
0042-15176,30,24,Boss (Finishing),Dia 3MM EM Coated - Dura,end_mill,3,2,8,25.4,,600,,8000,,,PEEK,Fanuc Robodrill L T21iFLb,kb_data_xlsx_2026-05-22,614,10.233
0200-02605,10,1,Lathe OD (Roughing),SVJCR-2525M-11,insert,0.4,,,,,-0.2,,1000,,,PEEK,Takisawa NEX-108Y,kb_data_xlsx_2026-05-22,4,0.067
0200-02605,10,2,Drilled Hole (Roughing),SPOT TOOL 18. DIA.,drill,10,,,,,30,,1000,,,PEEK,Takisawa NEX-108Y,kb_data_xlsx_2026-05-22,9,0.15
0200-02605,10,4,Drilled Hole (Finishing),Drill Dia 4mm,drill,4,,,,,30,,1000,,,PEEK,Takisawa NEX-108Y,kb_data_xlsx_2026-05-22,26,0.433
0200-02605,10,5,Thread (Finishing),10-32 UNF-2B Tap,thread_mill,4.826,,,,,198.438,,250,,,PEEK,Takisawa NEX-108Y,kb_data_xlsx_2026-05-22,4,0.067
0200-02605,10,6,Drilled Hole (Finishing),Dia0.9mm carbide drill-Dura,drill,0.9,,,,,20,,4000,,,PEEK,Takisawa NEX-108Y,kb_data_xlsx_2026-05-22,23,0.383
0200-02605,10,7,Groove (Finishing),Reamer DIA 1.02 x Shk 1.5 x FL 5.0 x TL 40.0 x 4F-Dura,end_mill,1.02,,,,,20,,1000,,,PEEK,Takisawa NEX-108Y,kb_data_xlsx_2026-05-22,21,0.35
0200-02605,10,8,Lathe OD (Roughing),SVJCR-2525M-11,insert,0.4,,,,,-0.25,,1000,,,PEEK,Takisawa NEX-108Y,kb_data_xlsx_2026-05-22,11,0.183
0200-02605,10,9,Lathe OD (Finishing),SVJCR-2525M-11,insert,0.4,,,,,-0.07,,1000,,,PEEK,Takisawa NEX-108Y,kb_data_xlsx_2026-05-22,24,0.4
0200-02605,10,10,Face (Finishing),Dia 10mm Endmill,end_mill,10,4,40,25,,500,,3000,,,PEEK,Takisawa NEX-108Y,kb_data_xlsx_2026-05-22,16,0.267
0200-02605,10,11,Lathe OD (Roughing),OD GROOVE 1.5mm Width Insert,insert,0.1,,,,,-0.1,,1000,,,PEEK,Takisawa NEX-108Y,kb_data_xlsx_2026-05-22,27,0.45
0200-02605,10,12,Lathe OD (Finishing),OD GROOVE 1.5mm Width Insert,insert,0.1,,,,,-0.05,,800,,,PEEK,Takisawa NEX-108Y,kb_data_xlsx_2026-05-22,25,0.417
0200-02605,10,13,Thread (Finishing),OD THREAD - .312-24 UNF-2A,insert,0.114,,,,,-1.058,,500,,,PEEK,Takisawa NEX-108Y,kb_data_xlsx_2026-05-22,9,0.15
0200-02605,10,14,Lathe OD (Roughing),OD GROOVE 1.5mm Width Insert,insert,0.1,,,,,-0.05,,800,,,PEEK,Takisawa NEX-108Y,kb_data_xlsx_2026-05-22,106,1.767
0200-02605,10,15,Lathe OD (Finishing),OD GROOVE 1.5mm Width Insert,insert,0.1,,,,,-0.05,,800,,,PEEK,Takisawa NEX-108Y,kb_data_xlsx_2026-05-22,14,0.233
16-408773-00,10,1,[i2] Face (Roughing),80MM FACEMILL MITSUBISHI 4F,face_mill,80,4,6,50,,800,,5000,,,Polypropylene,Anderson Exxact Router,kb_data_xlsx_2026-05-22,420,7.0
16-408773-00,10,2,[i2] Fillet (Roughing),10MM ROUGHING ENDMILL PCL590167 [FAP11335],end_mill,10,2,35,40,,5000,,13500,,,Polypropylene,Anderson Exxact Router,kb_data_xlsx_2026-05-22,153,2.55
16-408773-00,10,3,[i2] Fillet (Roughing),10MM ROUGHING ENDMILL PCL590167 [FAP11335],end_mill,10,2,35,40,,5000,,10000,,,Polypropylene,Anderson Exxact Router,kb_data_xlsx_2026-05-22,192,3.2
16-408773-00,10,4,[i2] Fillet (Roughing),10MM ROUGHING ENDMILL PCL590167 [FAP11335],end_mill,10,2,35,40,,5000,,10000,,,Polypropylene,Anderson Exxact Router,kb_data_xlsx_2026-05-22,384,6.4
16-408773-00,10,5,[i2] Blind Hole (Finishing),6MM ROUGHING ENDMILL PCL590166 [FAP11336],end_mill,6,2,25,35,,350,,4000,,,Polypropylene,Anderson Exxact Router,kb_data_xlsx_2026-05-22,54,0.9
16-408773-00,10,6,[i2] Drilled Hole (Roughing),3MM NC SPOT 90 DEG [S2DSO-090-030U],drill,3,2,5,30,,1500,,10000,,,Polypropylene,Anderson Exxact Router,kb_data_xlsx_2026-05-22,100,1.667
16-408773-00,20,7,[i2] Blind Hole (Finishing),10MM FINISHING ENDMILL PCL590167 [FAP11335],end_mill,10,2,35,40,,600,,5000,,,Polypropylene,Anderson Exxact Router,kb_data_xlsx_2026-05-22,46,0.767
16-408773-00,20,8,[i2] Face (Finishing),10MM FINISHING ENDMILL PCL590167 [FAP11335],end_mill,10,2,35,40,,800,,5000,,,Polypropylene,Anderson Exxact Router,kb_data_xlsx_2026-05-22,383,6.383
16-408773-00,20,9,[i2] Fillet (Roughing),10MM ROUGHING ENDMILL PCL590167 [FAP11335],end_mill,10,2,35,40,,4500,,13500,,,Polypropylene,Anderson Exxact Router,kb_data_xlsx_2026-05-22,191,3.183
16-408773-00,20,10,[i2] Fillet (Finishing),10MM FINISHING ENDMILL PCL590167 [FAP11335],end_mill,10,2,35,40,,1000,,6000,,,Polypropylene,Anderson Exxact Router,kb_data_xlsx_2026-05-22,166,2.767
16-408773-00,20,11,[i2] Pocket (Roughing),3MM ENDMILL PCL590193 [FAP11334],end_mill,3,2,10,30,,2500,,13500,,,Polypropylene,Anderson Exxact Router,kb_data_xlsx_2026-05-22,429,7.15
16-408773-00,20,12,[i2] Pocket (Finishing),3MM ENDMILL 4F GET,end_mill,3,2,10,30,,1000,,6000,,,Polypropylene,Anderson Exxact Router,kb_data_xlsx_2026-05-22,351,5.85
16-408773-00,20,13,[i2] Pocket (Finishing),3MM ENDMILL 4F GET,end_mill,3,2,10,30,,1000,,6000,,,Polypropylene,Anderson Exxact Router,kb_data_xlsx_2026-05-22,302,5.033
16-408773-00,20,14,[i2] Fillet (Roughing),10MM ROUGHING ENDMILL PCL590167 [FAP11335],end_mill,10,2,35,40,,5000,,13500,,,Polypropylene,Anderson Exxact Router,kb_data_xlsx_2026-05-22,119,1.983
16-408773-00,20,15,[i2] Fillet (Roughing),10MM ROUGHING ENDMILL PCL590167 [FAP11335],end_mill,10,2,35,40,,5000,,13500,,,Polypropylene,Anderson Exxact Router,kb_data_xlsx_2026-05-22,238,3.967
16-408773-00,20,16,[i2] Fillet (Finishing),CARB BULLMILL 6.0MM R1.0 4F,bull_mill,6,4,25,30,,5000,,13500,,,Polypropylene,Anderson Exxact Router,kb_data_xlsx_2026-05-22,557,9.283
16-408773-00,20,17,[i2] Fillet (Finishing),CARB BULLMILL 6.0MM R1.0 4F,bull_mill,6,4,25,30,,5000,,13500,,,Polypropylene,Anderson Exxact Router,kb_data_xlsx_2026-05-22,1115,18.583
16-408773-00,20,18,[i2] Chamfer (Finishing),3MM NC SPOT 90 DEG [S2DSO-090-030U],chamfer_mill,3,2,5,30,,1200,,8000,,,Polypropylene,Anderson Exxact Router,kb_data_xlsx_2026-05-22,251,4.183
16-408773-00,20,19,[i2] Chamfer (Finishing),3MM NC SPOT 90 DEG [S2DSO-090-030U],chamfer_mill,3,2,5,30,,1200,,8000,,,Polypropylene,Anderson Exxact Router,kb_data_xlsx_2026-05-22,132,2.2
16-408773-00,20,20,[i2] Pocket (Finishing),6MM FINISHING ENDMILL PCL590166 [FAP11336],end_mill,6,2,25,35,,2500,,10000,,,Polypropylene,Anderson Exxact Router,kb_data_xlsx_2026-05-22,459,7.65
16-408773-00,20,21,[i2] Face (Finishing),3MM ENDMILL PCL590193 [FAP11334],end_mill,3,2,10,30,,80,,1500,,,Polypropylene,Anderson Exxact Router,kb_data_xlsx_2026-05-22,27,0.45
16-408773-00,20,22,[i2] Chamfer (Finishing),3MM NC SPOT 90 DEG [S2DSO-090-030U],chamfer_mill,3,2,5,30,,1500,,8000,,,Polypropylene,Anderson Exxact Router,kb_data_xlsx_2026-05-22,111,1.85
16-408773-00,20,23,[i2] Chamfer (Finishing),3MM NC SPOT 90 DEG [S2DSO-090-030U],chamfer_mill,3,2,5,30,,1500,,8000,,,Polypropylene,Anderson Exxact Router,kb_data_xlsx_2026-05-22,91,1.517
16-408773-00,10,1,[i2] Face (Roughing),10MM CL35-2FL-PCL590167 ONSRUD ENDMILL,end_mill,10,2,35,40,,2500,,8000,,,Polypropylene,Anderson Exxact Router,kb_data_xlsx_2026-05-22,81,1.35
16-408773-00,10,2,[i2] Face (Roughing),10MM CL35-2FL-PCL590167 ONSRUD ENDMILL,end_mill,10,2,35,40,,2500,,8000,,,Polypropylene,Anderson Exxact Router,kb_data_xlsx_2026-05-22,80,1.333
16-408773-00,10,3,[i2] Face (Finishing),10MM CL35-2FL-PCL590167 ONSRUD ENDMILL,end_mill,10,2,35,40,,600,,5000,,,Polypropylene,Anderson Exxact Router,kb_data_xlsx_2026-05-22,169,2.817
16-408773-00,10,4,[i2] Fillet (Finishing),10MM CL35-2FL-PCL590167 ONSRUD ENDMILL,end_mill,10,2,35,40,,1000,,6000,,,Polypropylene,Anderson Exxact Router,kb_data_xlsx_2026-05-22,102,1.7
16-408773-00,10,5,[i2] Fillet (Finishing),CARB BULLMILL 6.0MM R1.0 2F,bull_mill,6,4,25,30,,4000,,10000,,,Polypropylene,Anderson Exxact Router,kb_data_xlsx_2026-05-22,853,14.217
16-408773-00,10,6,[i2] Chamfer (Finishing),3 MMx90 DEG-2FL- S2DSO-090-030U GET CHAMFER MILL,chamfer_mill,3,2,5,25,,1200,,8000,,,Polypropylene,Anderson Exxact Router,kb_data_xlsx_2026-05-22,43,0.717
16-408773-00,10,1,[i1] Face (Roughing),50MM FACEMILL,face_mill,45,4,4,40,,800,,5000,,,Polypropylene,Fanuc Robodrill L T21iFLb,kb_data_xlsx_2026-05-22,490,8.167
16-408773-00,10,2,[i1] Boss (Roughing),12MM ENDMILL 2F,end_mill,12,2,25,50,,2500,,8000,,,Polypropylene,Fanuc Robodrill L T21iFLb,kb_data_xlsx_2026-05-22,340,5.667
16-408773-00,10,3,[i1] Pocket (Roughing),12MM ENDMILL 2F,end_mill,12,2,25,50,,4000,,8000,,,Polypropylene,Fanuc Robodrill L T21iFLb,kb_data_xlsx_2026-05-22,430,7.167
16-408773-00,10,4,[i1] Pocket (Roughing),12MM ENDMILL 2F,end_mill,12,2,25,50,,4000,,8000,,,Polypropylene,Fanuc Robodrill L T21iFLb,kb_data_xlsx_2026-05-22,225,3.75
16-408773-00,10,5,[i1] Pocket (Roughing),12MM ENDMILL 2F,end_mill,12,2,25,50,,650,,8000,,,Polypropylene,Fanuc Robodrill L T21iFLb,kb_data_xlsx_2026-05-22,321,5.35
16-408773-00,10,6,[i1] Fillet (Roughing),12MM ENDMILL 2F,end_mill,12,2,25,50,,4500,,8000,,,Polypropylene,Fanuc Robodrill L T21iFLb,kb_data_xlsx_2026-05-22,138,2.3
16-408773-00,10,7,[i1] Blind Hole (Roughing),12MM ENDMILL 2F,end_mill,12,2,25,50,,800,,6000,,,Polypropylene,Fanuc Robodrill L T21iFLb,kb_data_xlsx_2026-05-22,50,0.833
16-408773-00,10,8,[i1] Pocket (Roughing),3MM ENDMILL 2F,end_mill,3,2,8,20,,2500,,8000,,,Polypropylene,Fanuc Robodrill L T21iFLb,kb_data_xlsx_2026-05-22,120,2.0
16-408773-00,10,9,[i1] Face (Finishing),10MM ENDMILL 2F FULLERTON,end_mill,10,2,25,40,,1000,,6000,,,Polypropylene,Fanuc Robodrill L T21iFLb,kb_data_xlsx_2026-05-22,102,1.7
16-408773-00,10,10,[i1] Pocket (Finishing),12MM ENDMILL 2F,end_mill,12,2,25,50,,1000,,6000,,,Polypropylene,Fanuc Robodrill L T21iFLb,kb_data_xlsx_2026-05-22,341,5.683
16-408773-00,10,11,[i1] Pocket (Finishing),10MM ENDMILL 2F FULLERTON,end_mill,10,2,25,40,,1000,,6000,,,Polypropylene,Fanuc Robodrill L T21iFLb,kb_data_xlsx_2026-05-22,39,0.65
16-408773-00,10,12,[i1] Pocket (Finishing),3MM ENDMILL 2F FULLERTON,end_mill,3,2,8,20,,1000,,6000,,,Polypropylene,Fanuc Robodrill L T21iFLb,kb_data_xlsx_2026-05-22,99,1.65
16-408773-00,10,13,[i1] Pocket (Finishing),3MM ENDMILL 2F FULLERTON,end_mill,3,2,8,20,,1000,,6000,,,Polypropylene,Fanuc Robodrill L T21iFLb,kb_data_xlsx_2026-05-22,100,1.667
16-408773-00,10,14,[i1] Pocket (Finishing),10MM ENDMILL 2F FULLERTON,end_mill,10,2,25,40,,600,,6000,,,Polypropylene,Fanuc Robodrill L T21iFLb,kb_data_xlsx_2026-05-22,149,2.483
16-408773-00,10,15,[i1] Pocket (Finishing),10MM ENDMILL 2F FULLERTON,end_mill,10,2,25,40,,600,,6000,,,Polypropylene,Fanuc Robodrill L T21iFLb,kb_data_xlsx_2026-05-22,57,0.95
16-408773-00,10,16,[i1] Blind Hole (Finishing),10MM ENDMILL 2F FULLERTON,end_mill,10,2,25,40,,600,,5000,,,Polypropylene,Fanuc Robodrill L T21iFLb,kb_data_xlsx_2026-05-22,34,0.567
16-408773-00,10,17,[i1] Fillet (Finishing),6MM BALLNOSE 2F,ball_mill,6,2,20,30,,4000,,8000,,,Polypropylene,Fanuc Robodrill L T21iFLb,kb_data_xlsx_2026-05-22,751,12.517
16-408773-00,10,18,[i1] Chamfer (Finishing),6MM NC SPOTDRILL X 90,drill,6,2,25,30,,1000,,6000,,,Polypropylene,Fanuc Robodrill L T21iFLb,kb_data_xlsx_2026-05-22,52,0.867
16-408773-00,10,19,[i1] Chamfer (Finishing),6MM NC SPOTDRILL X 90,drill,6,2,25,30,,1000,,6000,,,Polypropylene,Fanuc Robodrill L T21iFLb,kb_data_xlsx_2026-05-22,100,1.667
16-408773-00,10,20,[i1] Chamfer (Finishing),6MM NC SPOTDRILL X 90,drill,6,2,25,30,,1000,,6000,,,Polypropylene,Fanuc Robodrill L T21iFLb,kb_data_xlsx_2026-05-22,17,0.283
16-408773-00,10,21,[i1] Chamfer (Finishing),6MM NC SPOTDRILL X 90,drill,6,2,25,30,,1000,,6000,,,Polypropylene,Fanuc Robodrill L T21iFLb,kb_data_xlsx_2026-05-22,28,0.467
16-408773-00,10,22,[i1] Drilled Hole (Roughing),6MM NC SPOTDRILL X 90,drill,6,2,25,30,,150,,4000,,,Polypropylene,Fanuc Robodrill L T21iFLb,kb_data_xlsx_2026-05-22,10,0.167
16-408773-00,10,23,[i1] Drilled Hole (Finishing),DRILL 5.0MM,drill,5,2,25,40,,150,,1350,,,Polypropylene,Fanuc Robodrill L T21iFLb,kb_data_xlsx_2026-05-22,29,0.483
16-408773-00,20,1,[i1] Face (Roughing),19.05MM CL64-2FL-52-724 ONSRUD ENDMILL,end_mill,19.05,2,50.8,70,,2500,,8000,,,Polypropylene,Doosan DNM5700,kb_data_xlsx_2026-05-22,181,3.017
16-408773-00,20,2,[i1] Face (Finishing),80mm FACEMILL MITSUBISHI AFE45- 4080R4,face_mill,80,4,10,50,,600,,3500,,,Polypropylene,Doosan DNM5700,kb_data_xlsx_2026-05-22,131,2.183
16-408773-00,20,3,[i1] Pocket (Roughing),4MM CL10 -2FL ENDMILL GET,end_mill,4,2,10,30,,2500,,10000,,,Polypropylene,Doosan DNM5700,kb_data_xlsx_2026-05-22,159,2.65
16-408773-00,20,4,[i1] Pocket (Roughing),4MM CL10 -2FL ENDMILL GET,end_mill,4,2,10,30,,2500,,10000,,,Polypropylene,Doosan DNM5700,kb_data_xlsx_2026-05-22,3,0.05
16-408773-00,20,5,[i1] Undercut (Finishing),CARB DOVETAIL 4.394 X CL4.251 - FAP- 00135,dovetail,4.394,4,4.251,15,,1000,,6000,,,Polypropylene,Doosan DNM5700,kb_data_xlsx_2026-05-22,71,1.183
16-408773-00,20,6,[i1] Undercut (Finishing),CARB DOVETAIL 4.394 X CL4.251 - FAP- 00135,dovetail,4.394,4,4.251,15,,1000,,6000,,,Polypropylene,Doosan DNM5700,kb_data_xlsx_2026-05-22,89,1.483
16-408773-00,20,7,[i1] Undercut (Finishing),CARB DOVETAIL 4.394 X CL4.251 - FAP- 00135,dovetail,4.394,4,4.251,15,,1000,,6000,,,Polypropylene,Doosan DNM5700,kb_data_xlsx_2026-05-22,87,1.45
16-408773-00,20,8,[i1] Undercut (Finishing),CARB DOVETAIL 4.394 X CL4.251 - FAP- 00135,dovetail,4.394,4,4.251,15,,1000,,6000,,,Polypropylene,Doosan DNM5700,kb_data_xlsx_2026-05-22,1,0.017
16-408773-00,20,9,[i1] Pocket (Finishing),4MM CL10 -2FL ENDMILL GET,end_mill,4,2,10,30,,600,,6000,,,Polypropylene,Doosan DNM5700,kb_data_xlsx_2026-05-22,2,0.033
16-408773-00,20,10,[i1] Pocket (Roughing),12MM CL55-2FL-52-746 ONSRUD ENDMILL,end_mill,12,2,55,56,,2500,,8000,,,Polypropylene,Doosan DNM5700,kb_data_xlsx_2026-05-22,66,1.1
16-408773-00,20,11,[i1] Pocket (Roughing),12MM CL55-2FL-52-746 ONSRUD ENDMILL,end_mill,12,2,55,56,,2500,,8000,,,Polypropylene,Doosan DNM5700,kb_data_xlsx_2026-05-22,21,0.35
16-408773-00,20,12,[i1] Pocket (Finishing),12MM CL55-2FL-52-746 ONSRUD ENDMILL,end_mill,12,2,55,56,,1000,,6000,,,Polypropylene,Doosan DNM5700,kb_data_xlsx_2026-05-22,166,2.767
16-408773-00,20,13,[i1] Pocket (Finishing),12MM CL55-2FL-52-746 ONSRUD ENDMILL,end_mill,12,2,55,56,,1000,,6000,,,Polypropylene,Doosan DNM5700,kb_data_xlsx_2026-05-22,28,0.467
16-408773-00,20,14,[i1] Countersink (Finishing),12 MMx82 DEG-2FL- S2DSO-082-12U GET CHAMFER MILL,chamfer_mill,12,4,7,40,,100,,4000,,,Polypropylene,Doosan DNM5700,kb_data_xlsx_2026-05-22,24,0.4
16-408773-00,20,15,[i1] Through Hole (Roughing),12 MMx120 DEG-2FL- S2DSO-120-12U GET CHAMFER MILL,chamfer_mill,12,4,6,40,,100,,4000,,,Polypropylene,Doosan DNM5700,kb_data_xlsx_2026-05-22,14,0.233
16-408773-00,20,16,[i1] Through Hole (Roughing),12 MMx120 DEG-2FL- S2DSO-120-12U GET CHAMFER MILL,chamfer_mill,12,4,6,40,,100,,4000,,,Polypropylene,Doosan DNM5700,kb_data_xlsx_2026-05-22,3,0.05
16-408773-00,20,17,[i1] Through Hole (Roughing),4MM CL10 -2FL ENDMILL GET,end_mill,4,2,10,30,,250,,5000,,,Polypropylene,Doosan DNM5700,kb_data_xlsx_2026-05-22,22,0.367
16-408773-00,20,18,[i1] Drilled Hole (Finishing),CARB DRILL 5.10MM,drill,5.1,2,25,35,,100,,1350,,,Polypropylene,Doosan DNM5700,kb_data_xlsx_2026-05-22,97,1.617
16-408773-00,20,19,[i1] Thread (Finishing),THREADMILL 10-32 X DIA 3.8 X NL22 - MYOOK,thread_mill,3.8,4,15,22,,350,,3500,,,Polypropylene,Doosan DNM5700,kb_data_xlsx_2026-05-22,411,6.85
16-408773-00,20,20,[i1] Chamfer (Finishing),20MM SPOTDRILL X 90,drill,20,2,25,50,,600,,4000,,,Polypropylene,Doosan DNM5700,kb_data_xlsx_2026-05-22,176,2.933
16-408773-00,20,21,[i1] Chamfer (Finishing),3 MMx90 DEG-2FL- S2DSO-090-030U GET CHAMFER MILL,chamfer_mill,3,2,5,25,,1200,,8000,,,Polypropylene,Doosan DNM5700,kb_data_xlsx_2026-05-22,32,0.533
16-408773-00,20,22,[i1] Blind Hole (Finishing),3MM CL10 -2FL ENDMILL FULLERTON,end_mill,3,2,10,25,,350,,5000,,,Polypropylene,Doosan DNM5700,kb_data_xlsx_2026-05-22,14,0.233
16-408773-00,20,23,[i1] Blind Hole (Roughing),12 MMx120 DEG-2FL- S2DSO-120-12U GET CHAMFER MILL,chamfer_mill,12,4,6,40,,100,,4000,,,Polypropylene,Doosan DNM5700,kb_data_xlsx_2026-05-22,3,0.05
16-408773-00,20,24,[i1] Blind Hole (Roughing),12 MMx120 DEG-2FL- S2DSO-120-12U GET CHAMFER MILL,chamfer_mill,12,4,6,40,,100,,4000,,,Polypropylene,Doosan DNM5700,kb_data_xlsx_2026-05-22,3,0.05
16-408773-00,20,25,[i1] Blind Hole (Finishing),CARB DRILL 5.10MM,drill,5.1,2,25,35,,100,,1350,,,Polypropylene,Doosan DNM5700,kb_data_xlsx_2026-05-22,21,0.35
16-408773-00,20,26,[i1] Thread (Finishing),THREADMILL 10-32 X DIA 3.8 X NL22 - MYOOK,thread_mill,3.8,4,15,22,,350,,3500,,,Polypropylene,Doosan DNM5700,kb_data_xlsx_2026-05-22,95,1.583
16-408773-00,20,27,[i1] Blind Hole (Roughing),4MM CL10 -2FL ENDMILL GET,end_mill,4,2,10,30,,250,,5000,,,Polypropylene,Doosan DNM5700,kb_data_xlsx_2026-05-22,22,0.367
16-408773-00,20,28,[i1] Blind Hole (Finishing),3MM CL10 -2FL ENDMILL FULLERTON,end_mill,3,2,10,25,,350,,5000,,,Polypropylene,Doosan DNM5700,kb_data_xlsx_2026-05-22,13,0.217
713-A51655-001,10,1,Face (Roughing),6MM ROUGHING ENDMILL PCL590166 [FAP11336],end_mill,6,2,25,35,,2500,,13500,,,Polypropylene (PP),Anderson EXXACT PLUS/TC,kb_data_xlsx_2026-05-22,70,1.167
713-A51655-001,10,2,Face (Finishing),6MM ROUGHING ENDMILL PCL590166 [FAP11336],end_mill,6,2,25,35,,1200,,10000,,,Polypropylene (PP),Anderson EXXACT PLUS/TC,kb_data_xlsx_2026-05-22,28,0.467
713-A51655-001,10,3,Face (Roughing),3MM ENDMILL PCL590193 [FAP11334],end_mill,3,2,10,30,,650,,5000,,,Polypropylene (PP),Anderson EXXACT PLUS/TC,kb_data_xlsx_2026-05-22,10,0.167
713-A51655-001,10,4,Face (Roughing),3MM NC SPOT 90 DEG [S2DSO-090-030U],drill,3,2,5,30,,1200,,8000,,,Polypropylene (PP),Anderson EXXACT PLUS/TC,kb_data_xlsx_2026-05-22,28,0.467
713-A51655-001,20,1,Drilled Hole (Roughing),12MM NC SPOT 90 DEG 2F,drill,12,2,20,40,,200,,4000,,,Polypropylene (PP),Fanuc Robodrill M D21MiA,kb_data_xlsx_2026-05-22,1,0.017
713-A51655-001,20,2,Drilled Hole (Roughing),12MM NC SPOT 90 DEG 2F,drill,12,2,20,40,,200,,4000,,,Polypropylene (PP),Fanuc Robodrill M D21MiA,kb_data_xlsx_2026-05-22,1,0.017
713-A51655-001,20,3,Drilled Hole (Roughing),DRILL 5.20MM,drill,5.2,2,25,35,,150,,1350,,,Polypropylene (PP),Fanuc Robodrill M D21MiA,kb_data_xlsx_2026-05-22,4,0.067
713-A51655-001,20,4,Drilled Hole (Roughing),DRILL 5.20MM,drill,5.2,2,25,35,,150,,1350,,,Polypropylene (PP),Fanuc Robodrill M D21MiA,kb_data_xlsx_2026-05-22,4,0.067
713-A51655-001,20,5,Drilled Hole (Finishing),3MM ENDMILL 2F FINISHING,drill,3,2,8,20,,450,,5000,,,Polypropylene (PP),Fanuc Robodrill M D21MiA,kb_data_xlsx_2026-05-22,6,0.1
713-A51655-001,20,6,Drilled Hole (Finishing),3MM ENDMILL 2F FINISHING,drill,3,2,8,20,,450,,5000,,,Polypropylene (PP),Fanuc Robodrill M D21MiA,kb_data_xlsx_2026-05-22,6,0.1
713-142958-001,10,1,Lathe face (Roughing),CNGG120404-MJ HTi10,insert,,,,,,0.1,,1000,,,PEEK,Doosan LYNX 2100LSYB,kb_data_xlsx_2026-05-22,,
713-142958-001,10,2,Lathe OD (Roughing),CNGG120404-MJ HTi10,insert,,,,,,0.1,,1000,,,PEEK,Doosan LYNX 2100LSYB,kb_data_xlsx_2026-05-22,,
713-142958-001,10,3,Drilled Hole (Roughing),Ø12.0MM ENDMILL,insert,,,,,,150,,1000,,,PEEK,Doosan LYNX 2100LSYB,kb_data_xlsx_2026-05-22,,
713-142958-001,10,4,Lathe ID (Roughing),CCGT060202N-AG 10,insert,,,,,,0.1,,1000,,,PEEK,Doosan LYNX 2100LSYB,kb_data_xlsx_2026-05-22,,
713-142958-001,10,5,Lathe OD (Finishing),VCGX110302-LH,insert,,,,,,0.07,,1500,,,PEEK,Doosan LYNX 2100LSYB,kb_data_xlsx_2026-05-22,,
713-142958-001,10,6,Chamfer turn (Finishing),VCGX110302-LH,insert,,,,,,0.07,,1000,,,PEEK,Doosan LYNX 2100LSYB,kb_data_xlsx_2026-05-22,,
713-142958-001,10,7,Lathe ID (Finishing),CCGT060202N-AG 10,insert,,,,,,0.07,,1200,,,PEEK,Doosan LYNX 2100LSYB,kb_data_xlsx_2026-05-22,,
713-142958-001,10,9,Cut off,TKF12L100,insert,,,,,,0.08,,1000,,,PEEK,Doosan LYNX 2100LSYB,kb_data_xlsx_2026-05-22,,
713-142958-001,10,10,Lathe face (Finishing),VCGX110302-LH,insert,,,,,,0.3,,295,,,PEEK,Doosan LYNX 2100LSYB,kb_data_xlsx_2026-05-22,,
713-142958-001,10,11,Chamfer turn (Finishing),MBQR 0537 L25 R010,insert,,,,,,0.15,,1500,,,PEEK,Doosan LYNX 2100LSYB,kb_data_xlsx_2026-05-22,,
0023-12637,10,1,Lathe OD (Roughing),CNGG120404-MJ HTi10,insert,,,,,,0.2,,1200,,,Polypropylene (PP),Nakamura-Tome SC-300,kb_data_xlsx_2026-05-22,,
0023-12637,10,2,Drilled Hole (Roughing),T-DRILL 32MM,drill,,,,,,0.07,,1800,,,Polypropylene (PP),Nakamura-Tome SC-300,kb_data_xlsx_2026-05-22,,
0023-12637,10,3,Drilled Hole (Roughing),T-DRILL 32MM,drill,,,,,,0.07,,1800,,,Polypropylene (PP),Nakamura-Tome SC-300,kb_data_xlsx_2026-05-22,,
0023-12637,10,4,Drilled Hole (Roughing),T-DRILL 32MM,drill,,,,,,0.07,,1800,,,Polypropylene (PP),Nakamura-Tome SC-300,kb_data_xlsx_2026-05-22,,
0023-12637,10,5,Drilled Hole (Roughing),T-DRILL 32MM,drill,,,,,,0.07,,1800,,,Polypropylene (PP),Nakamura-Tome SC-300,kb_data_xlsx_2026-05-22,,
0023-12637,10,6,Drilled Hole (Roughing),T-DRILL 32MM,drill,,,,,,0.07,,1800,,,Polypropylene (PP),Nakamura-Tome SC-300,kb_data_xlsx_2026-05-22,,
0023-12637,10,7,Drilled Hole (Roughing),T-DRILL 32MM,drill,,,,,,0.07,,1800,,,Polypropylene (PP),Nakamura-Tome SC-300,kb_data_xlsx_2026-05-22,,
0023-12637,10,8,Lathe ID (Roughing),VCGX110302-LH,insert,,,,,,0.25,,1800,,,Polypropylene (PP),Nakamura-Tome SC-300,kb_data_xlsx_2026-05-22,,
0023-12637,10,9,Lathe OD (Finishing),VCGX110302-LH,insert,,,,,,0.07,,1500,,,Polypropylene (PP),Nakamura-Tome SC-300,kb_data_xlsx_2026-05-22,,
0023-12637,10,10,Lathe ID (Finishing),VCGX110302-LH,insert,,,,,,0.07,,1600,,,Polypropylene (PP),Nakamura-Tome SC-300,kb_data_xlsx_2026-05-22,,
0023-12637,10,11,,MGGN300R 15R PCD,insert,,,,,,0.07,,2000,,,Polypropylene (PP),Nakamura-Tome SC-300,kb_data_xlsx_2026-05-22,,
0023-12637,20,1,Lathe OD (Roughing),CNGG120404-MJ HTi10,insert,,,,,,0.2,,1000,,,Polypropylene (PP),Takisawa NEX-108Y,kb_data_xlsx_2026-05-22,,
0023-12637,20,2,Lathe OD (Finishing),VCGX110302-LH,insert,,,,,,0.07,,1500,,,Polypropylene (PP),Takisawa NEX-108Y,kb_data_xlsx_2026-05-22,,
0023-12637,20,3,Through Hole (Finishing),E143-0 Ø3.0MM FLAT ENDMILL,end_mill,3,4,50,60,,200,,1600,,,Polypropylene (PP),Takisawa NEX-108Y,kb_data_xlsx_2026-05-22,,
0023-12637,20,4,Through Hole (Finishing),E143-0 Ø3.0MM FLAT ENDMILL,end_mill,3,4,50,60,,200,,1600,,,Polypropylene (PP),Takisawa NEX-108Y,kb_data_xlsx_2026-05-22,,
0022-42143,9,1,Face (Roughing),10MM ROUGHING ENDMILL PCL590167 [FAP11335],end_mill,10,2,35,40,,3500,,13500,,,PEEK,Anderson EXXACT PLUS/TC,kb_data_xlsx_2026-05-22,168,2.8
0022-42143,9,2,Face (Finishing),3MM NC SPOT 90 DEG [S2DSO-090-030U],drill,3,2,5,30,,1500,,8000,,,PEEK,Anderson EXXACT PLUS/TC,kb_data_xlsx_2026-05-22,26,0.433
0022-42143,10,1,Face (Roughing),50mm FACEMILL MITSUBISHI 4F,face_mill,50,4,17,50,,800,,5000,,,PEEK,Fanuc Robodrill M A-D21Lib,kb_data_xlsx_2026-05-22,64,1.067
0022-42143,10,2,Through Hole (Roughing),12mm SPOTDRILL 90 DEG DURA,drill,12,2,6,50.8,,400,,4000,,,PEEK,Fanuc Robodrill M A-D21Lib,kb_data_xlsx_2026-05-22,1,0.017
0022-42143,10,3,Through Hole (Roughing),5MM DRILL,drill,5,2,25,40,,120,,1200,,,PEEK,Fanuc Robodrill M A-D21Lib,kb_data_xlsx_2026-05-22,13,0.217
0022-42143,10,4,Through Hole (Roughing),6mm FLAT ENDMILL DURA 2F,end_mill,6,2,20,30,,100,,1000,,,PEEK,Fanuc Robodrill M A-D21Lib,kb_data_xlsx_2026-05-22,7,0.117
0022-42143,10,5,Through Hole (Finishing),6mm FLAT ENDMILL DURA 2F,end_mill,6,2,20,30,,100,,3000,,,PEEK,Fanuc Robodrill M A-D21Lib,kb_data_xlsx_2026-05-22,41,0.683
0022-42143,10,6,Counterbore (Finishing),6mm FLAT ENDMILL DURA 2F,end_mill,6,2,20,30,,100,,3000,,,PEEK,Fanuc Robodrill M A-D21Lib,kb_data_xlsx_2026-05-22,94,1.567
0022-42143,10,7, (Finishing),10mm FLAT ENDMILL DURA 2F,end_mill,10,2,20,40,,800,,6000,,,PEEK,Fanuc Robodrill M A-D21Lib,kb_data_xlsx_2026-05-22,68,1.133
0022-42143,10,8,Radius (Finishing),RADIUS CUTTER R3 TIP1.5XSD8MM CARBIDE,radius_mill,1.5,4,3,40,,200,,4000,,,PEEK,Fanuc Robodrill M A-D21Lib,kb_data_xlsx_2026-05-22,46,0.767
0022-42143,10,9,Chamfer (Finishing),3mm CHAMFERMILL 90 DEG DURA,chamfer_mill,3,2,1.5,30.5,,500,,8000,,,PEEK,Fanuc Robodrill M A-D21Lib,kb_data_xlsx_2026-05-22,4,0.067
0022-42143,10,10,Chamfer (Finishing),3mm CHAMFERMILL 90 DEG DURA,chamfer_mill,3,2,1.5,30.5,,500,,8000,,,PEEK,Fanuc Robodrill M A-D21Lib,kb_data_xlsx_2026-05-22,5,0.083
0022-42143,10,11,Chamfer (Finishing),3mm CHAMFERMILL 90 DEG DURA,chamfer_mill,3,2,1.5,30.5,,500,,8000,,,PEEK,Fanuc Robodrill M A-D21Lib,kb_data_xlsx_2026-05-22,9,0.15
0022-42143,20,1,Face (Finishing),50mm FACEMILL MITSUBISHI 4F,face_mill,50,4,17,50,,800,,5000,,,PEEK,Fanuc Robodrill M A-D21Lib,kb_data_xlsx_2026-05-22,28,0.467
0022-42143,20,2,Counterbore (Finishing),3mm FLAT ENDMILL DURA 2F,end_mill,3,2,8,25.4,,100,,3000,,,PEEK,Fanuc Robodrill M A-D21Lib,kb_data_xlsx_2026-05-22,225,3.75
0022-42143,20,3,Chamfer (Finishing),12mm SPOTDRILL 90 DEG DURA,drill,12,2,6,50.8,,400,,4000,,,PEEK,Fanuc Robodrill M A-D21Lib,kb_data_xlsx_2026-05-22,3,0.05
0022-42143,20,4,Chamfer (Finishing),3mm CHAMFERMILL 90 DEG DURA,chamfer_mill,3,2,1.5,30.5,,500,,8000,,,PEEK,Fanuc Robodrill M A-D21Lib,kb_data_xlsx_2026-05-22,5,0.083
0022-42143,20,5,Chamfer (Finishing),3mm CHAMFERMILL 90 DEG DURA,chamfer_mill,3,2,1.5,30.5,,500,,8000,,,PEEK,Fanuc Robodrill M A-D21Lib,kb_data_xlsx_2026-05-22,23,0.383
